ts_event,long_symbols,short_symbols,strike,expiry,pred_spread,realized_spread,edge_1m,edge_15m,edge_60m,correct,n_universe
2025-06-12 14:25:00+00:00,RGTI,IONQ,,1970-01-01,0.30422425270080566,0.10250729410803855,0.05075889478339,0.526561692446539,0.5589536513689082,1,36
2025-06-12 14:26:00+00:00,RGTI,QUBT,,1970-01-01,0.19805355370044708,-0.222482637330016,,,,0,25
2025-06-12 14:27:00+00:00,RGTI,QUBT,,1970-01-01,0.1344822198152542,0.1718922803626302,0.10359985077261022,0.17864074746433156,0.3188297475416691,1,31
2025-06-12 14:28:00+00:00,QUBT,IONQ,,1970-01-01,0.07037948071956635,0.09743317167435339,0.18203747258469405,-0.5846319190396281,-0.21823968340921132,1,30
2025-06-12 14:29:00+00:00,IONQ,QUBT,,1970-01-01,0.3107573390007019,0.10394446358838576,0.28518567942776657,1.772204667551545,1.6199844978130593,1,32
2025-06-12 14:30:00+00:00,QBTS,IONQ,,1970-01-01,0.2123050093650818,0.17266616468947565,,,,1,33
2025-06-12 14:31:00+00:00,IONQ,QBTS,,1970-01-01,0.1373039186000824,0.11556139051043447,,,,1,37
2025-06-12 14:32:00+00:00,QBTS,QUBT,,1970-01-01,0.2081599086523056,0.0217642715694164,,,,1,40
2025-06-12 14:33:00+00:00,QUBT,RGTI,,1970-01-01,0.09350252151489258,-0.08184318135212902,-0.07090553283487777,0.5369891257412029,0.5413621185661671,0,37
2025-06-12 14:34:00+00:00,IONQ,QUBT,,1970-01-01,0.19283446669578552,-0.07166176244423153,0.0037933994282211628,0.9582653591288178,-0.38961456478361345,0,31
2025-06-12 14:35:00+00:00,RGTI,IONQ,,1970-01-01,0.3213005065917969,0.2129723596798176,0.12846466951988628,0.5743275606148459,3.052339644624289,1,27
2025-06-12 14:36:00+00:00,RGTI,QUBT,,1970-01-01,0.9393629431724548,0.03506933574343406,-0.2526627703585552,-1.7854915386770653,-1.0461976449684398,1,37
2025-06-12 14:37:00+00:00,QBTS,QUBT,,1970-01-01,0.27758103609085083,-0.13484796846518995,,,,0,32
2025-06-12 14:38:00+00:00,QBTS,QUBT,,1970-01-01,0.45117735862731934,0.34967087527406243,0.09654416246524677,,,1,25
2025-06-12 14:39:00+00:00,QUBT,RGTI,,1970-01-01,0.15051768720149994,0.2724712138924926,0.14594132370108315,0.43602225044098986,0.31761988089599713,1,27
2025-06-12 14:40:00+00:00,IONQ,QUBT,,1970-01-01,0.4118594825267792,0.04992547732412157,-0.061906091575026995,1.1211167806595344,1.8685295490099878,1,31
2025-06-12 14:41:00+00:00,QBTS,QUBT,,1970-01-01,0.23258627951145172,0.345717829599353,,,,1,29
2025-06-12 14:42:00+00:00,QUBT,IONQ,,1970-01-01,0.11581778526306152,0.16692657299449928,0.128815105820061,0.9262706575184881,1.801495764854477,1,31
2025-06-12 14:43:00+00:00,QBTS,QUBT,,1970-01-01,0.3031873404979706,0.014226340705675387,,,,1,31
2025-06-12 14:44:00+00:00,IONQ,RGTI,,1970-01-01,0.13801032304763794,-0.003788826211114993,0.04510918886885251,-0.1206029806560342,-0.12981799193326898,0,40
2025-06-12 14:45:00+00:00,QUBT,QBTS,,1970-01-01,1.737215518951416,-0.23834057119010724,,,,0,32
2025-06-12 14:46:00+00:00,IONQ,QBTS,,1970-01-01,0.08639336377382278,0.07169555180093753,,,,1,37
2025-06-12 14:47:00+00:00,IONQ,QBTS,,1970-01-01,0.09701615571975708,-0.08652839188248347,,,,0,23
2025-06-12 14:48:00+00:00,QBTS,QUBT,,1970-01-01,0.32032066583633423,0.04722483511994961,,,,1,30
2025-06-12 14:49:00+00:00,QBTS,RGTI,,1970-01-01,2.095987319946289,-0.09122207482413201,,,,0,27
2025-06-12 14:50:00+00:00,QBTS,QUBT,,1970-01-01,0.11431712657213211,0.17781737428935357,,,,1,30
2025-06-12 14:51:00+00:00,QBTS,QUBT,,1970-01-01,0.2530815303325653,0.0325336478119605,,,,1,33
2025-06-12 14:52:00+00:00,QBTS,QUBT,,1970-01-01,0.09906084090471268,-0.2296083776324832,,,,0,32
2025-06-12 14:53:00+00:00,IONQ,QUBT,,1970-01-01,0.3549460172653198,0.24793450525053123,0.12198905311300443,-0.3545464894146879,0.8415996887759346,1,34
2025-06-12 14:54:00+00:00,QBTS,QUBT,,1970-01-01,1.6598082780838013,-0.07042272691756805,,,,0,32
2025-06-12 14:55:00+00:00,RGTI,QBTS,,1970-01-01,0.17562061548233032,-0.005683152610931556,0.024169266340295006,,-2.4326402228653667,0,29
2025-06-12 14:56:00+00:00,RGTI,QUBT,,1970-01-01,0.6735348105430603,0.20688392947925172,0.13337300856561948,1.7453315171018051,0.15100012831843412,1,31
2025-06-12 14:57:00+00:00,QBTS,RGTI,,1970-01-01,0.17424240708351135,0.020405248885549145,,,,1,35
2025-06-12 14:58:00+00:00,QUBT,IONQ,,1970-01-01,0.0781349241733551,0.2587405788713853,0.16713503551308329,0.9992138038016711,0.8503291833050977,1,30
2025-06-12 14:59:00+00:00,QBTS,QUBT,,1970-01-01,0.33425936102867126,0.1361408749375492,,,,1,29
2025-06-12 15:00:00+00:00,QBTS,IONQ,,1970-01-01,0.10240385681390762,0.021002467588073268,,,,1,33
2025-06-12 15:01:00+00:00,RGTI,QUBT,,1970-01-01,0.2893223166465759,0.176877795243674,0.005895297061289016,0.2958232634262872,-0.2590884960614997,1,33
2025-06-12 15:02:00+00:00,QBTS,IONQ,,1970-01-01,0.1793704479932785,0.21543794154604667,,,,1,33
2025-06-12 15:03:00+00:00,IONQ,QBTS,,1970-01-01,0.1879403293132782,0.21508090413690378,,,,1,31
2025-06-12 15:04:00+00:00,RGTI,QUBT,,1970-01-01,0.32932671904563904,0.28094312928123183,0.26025311392642164,-0.049779075220768854,-0.06726315553619722,1,27
2025-06-12 15:05:00+00:00,IONQ,RGTI,,1970-01-01,0.22804796695709229,0.005513000159297244,0.01116988790570849,0.06252350104632332,-1.5275701892191726,1,33
2025-06-12 15:06:00+00:00,IONQ,QUBT,,1970-01-01,0.11653625220060349,0.2090736528063205,-0.12958806664265488,0.5502029125472889,0.03767586632266973,1,34
2025-06-12 15:07:00+00:00,RGTI,IONQ,,1970-01-01,0.17867782711982727,0.1809547975868082,-0.21566708420894323,-0.6256018184367482,,1,28
2025-06-12 15:08:00+00:00,QBTS,QUBT,,1970-01-01,0.189649760723114,0.30500191592968784,,,,1,34
2025-06-12 15:09:00+00:00,RGTI,IONQ,,1970-01-01,0.05730386823415756,0.19152803910035468,-0.16934982932159962,-0.7875794566028494,0.006972074946666129,1,31
2025-06-12 15:10:00+00:00,IONQ,QBTS,,1970-01-01,0.11751648038625717,-0.01172741451063902,,,,0,39
2025-06-12 15:11:00+00:00,RGTI,IONQ,,1970-01-01,0.12414544820785522,-0.13207319793642797,-0.04766929409828631,0.5220186214873477,1.9398897215441833,0,27
2025-06-12 15:12:00+00:00,QUBT,IONQ,,1970-01-01,0.21860191226005554,0.21841742400384384,0.07331174403126944,2.5286679167681805,1.172922080454477,1,31
2025-06-12 15:13:00+00:00,QBTS,RGTI,,1970-01-01,0.1270476132631302,0.1563776219702388,,,,1,37
2025-06-12 15:14:00+00:00,IONQ,QUBT,,1970-01-01,0.2648216485977173,0.0015403963896231387,0.5263050406537767,,2.337657545462708,1,29
2025-06-12 15:15:00+00:00,QBTS,IONQ,,1970-01-01,0.2525206208229065,0.24663555858667677,,,,1,26
2025-06-12 15:16:00+00:00,IONQ,QBTS,,1970-01-01,0.15253423154354095,0.1856245644762324,,,,1,33
2025-06-12 15:17:00+00:00,QBTS,QUBT,,1970-01-01,0.26832860708236694,0.23905501679378363,,,,1,31
2025-06-12 15:18:00+00:00,IONQ,QUBT,,1970-01-01,0.16665828227996826,-0.004977297571673464,-0.06891089004349137,-1.6015585326009867,-0.15710505303887945,0,39
2025-06-12 15:19:00+00:00,QBTS,IONQ,,1970-01-01,0.3234424591064453,0.35984936393226047,,,,1,28
2025-06-12 15:20:00+00:00,QBTS,IONQ,,1970-01-01,0.11319009959697723,-0.0796249524425981,,,,0,35
2025-06-12 15:21:00+00:00,IONQ,QUBT,,1970-01-01,0.1556079387664795,-0.05535337607776123,-0.10784498133710235,-0.8545859477308434,-1.4401553717893072,0,38
2025-06-12 15:22:00+00:00,IONQ,RGTI,,1970-01-01,0.06765340268611908,-0.004412629481687994,0.03822369336232795,-0.8659442170125922,0.8475146590362086,0,36
2025-06-12 15:23:00+00:00,RGTI,QUBT,,1970-01-01,1.0539498329162598,-0.05501706467411368,0.3220974331778338,2.2441131640103595,0.3401823120712177,0,38
2025-06-12 15:24:00+00:00,QBTS,RGTI,,1970-01-01,0.09971807897090912,-0.08110922870688536,,,,0,31
2025-06-12 15:25:00+00:00,QBTS,RGTI,,1970-01-01,0.21861445903778076,0.2400566232471658,,,,1,27
2025-06-12 15:26:00+00:00,RGTI,QUBT,,1970-01-01,0.05256802961230278,0.005938981857012097,0.07723148520200146,0.5783327314515258,0.4788850323908488,1,29
2025-06-12 15:27:00+00:00,IONQ,QBTS,,1970-01-01,0.043634384870529175,-0.1838190229619064,,,,0,31
2025-06-12 15:28:00+00:00,IONQ,QUBT,,1970-01-01,0.6180214285850525,0.2898729987479139,,,,1,23
2025-06-12 15:29:00+00:00,QBTS,IONQ,,1970-01-01,0.0998419001698494,0.18299970625211517,,,,1,32
2025-06-12 15:30:00+00:00,IONQ,RGTI,,1970-01-01,0.3872738778591156,0.3278380511894897,0.48510834975025163,-1.7214768235062643,-3.29583993057601,1,25
2025-06-12 15:31:00+00:00,RGTI,QUBT,,1970-01-01,0.4899293780326843,0.051061719272105004,,,,1,30
2025-06-12 15:32:00+00:00,QBTS,IONQ,,1970-01-01,0.2190782129764557,-0.03235079067817513,,,,0,34
2025-06-12 15:33:00+00:00,RGTI,QUBT,,1970-01-01,0.16386441886425018,0.14826146655439748,-0.014983623856073096,0.11516338592082027,0.15525100316571763,1,33
2025-06-12 15:34:00+00:00,QBTS,IONQ,,1970-01-01,0.22397072613239288,0.010609243869640768,,,,1,30
2025-06-12 15:35:00+00:00,QBTS,QUBT,,1970-01-01,0.20513826608657837,0.05507468480901701,,,,1,33
2025-06-12 15:36:00+00:00,QBTS,IONQ,,1970-01-01,0.14724160730838776,0.02072930536551318,,,,1,34
2025-06-12 15:37:00+00:00,QBTS,RGTI,,1970-01-01,0.28167498111724854,0.13307578001847947,,,,1,29
2025-06-12 15:38:00+00:00,QBTS,IONQ,,1970-01-01,0.0959736630320549,0.1294967520188346,,,,1,31
2025-06-12 15:39:00+00:00,QBTS,RGTI,,1970-01-01,0.23962706327438354,0.13057623246228453,,,,1,35
2025-06-12 15:40:00+00:00,QBTS,IONQ,,1970-01-01,0.40770184993743896,-0.0005314566650506565,,,,0,28
2025-06-12 15:41:00+00:00,QBTS,QUBT,,1970-01-01,0.32247602939605713,-0.0530798514218985,,,,0,27
2025-06-12 15:42:00+00:00,QBTS,QUBT,,1970-01-01,0.10354511439800262,0.08162635210351267,,,,1,29
2025-06-12 15:43:00+00:00,QUBT,RGTI,,1970-01-01,0.07184341549873352,-0.0021664428878020218,-0.03660321425466209,-0.19073345194438351,0.14946990846688635,0,24
2025-06-12 15:44:00+00:00,QUBT,RGTI,,1970-01-01,0.3554164171218872,0.06838215870727353,0.011886449482893888,0.4974392433393007,0.5232037479085611,1,25
2025-06-12 15:45:00+00:00,IONQ,QBTS,,1970-01-01,0.10187466442584991,0.16463354119645546,0.21773223341665493,,,1,26
2025-06-12 15:46:00+00:00,QBTS,IONQ,,1970-01-01,0.16530121862888336,0.17410598732386873,,,,1,25
2025-06-12 15:47:00+00:00,QUBT,QBTS,,1970-01-01,0.2401682436466217,0.14840725967363444,,,,1,34
2025-06-12 15:48:00+00:00,QBTS,QUBT,,1970-01-01,0.8856583833694458,0.010147165529451191,,,,1,26
2025-06-12 15:49:00+00:00,IONQ,RGTI,,1970-01-01,0.36897045373916626,0.1354717775262509,-0.260619788076515,1.6349898635636886,1.188239894035746,1,30
2025-06-12 15:50:00+00:00,QUBT,RGTI,,1970-01-01,0.11718238890171051,-0.10253133393777018,0.02282841118141947,0.31745341839109764,0.024235268214437097,0,31
2025-06-12 15:51:00+00:00,QUBT,RGTI,,1970-01-01,0.10158579051494598,0.24000491617511008,0.016066813820476783,-0.21771528656865713,0.06586890430824041,1,29
2025-06-12 15:52:00+00:00,IONQ,QUBT,,1970-01-01,0.32287144660949707,0.1679165084002527,-0.04912934647146333,-1.4795724167374158,-1.7551074335350436,1,21
2025-06-12 15:53:00+00:00,QBTS,RGTI,,1970-01-01,0.21610598266124725,0.04416624708224434,,,,1,23
2025-06-12 15:54:00+00:00,IONQ,RGTI,,1970-01-01,2.294260263442993,0.16031803092489674,0.20587724927750845,1.1721240043694672,-2.5400658849535436,1,27
2025-06-12 15:55:00+00:00,QBTS,IONQ,,1970-01-01,0.17536213994026184,0.006793872487150465,,,,1,26
2025-06-12 15:56:00+00:00,RGTI,QUBT,,1970-01-01,0.4807009696960449,0.2072486367183455,-0.0603869319844007,-0.09221904787305667,-0.11147131007227229,1,23
2025-06-12 15:57:00+00:00,QBTS,IONQ,,1970-01-01,0.34464868903160095,0.24243302290319813,,,,1,26
2025-06-12 15:58:00+00:00,QUBT,RGTI,,1970-01-01,0.04723029211163521,0.12109579340533498,0.009200971555790667,0.047739268043179406,0.09713733080836245,1,27
2025-06-12 15:59:00+00:00,IONQ,QUBT,,1970-01-01,0.47992637753486633,0.3099818757819201,0.26516218747262216,2.0068755904022066,1.613905970791088,1,30
2025-06-12 16:00:00+00:00,QBTS,QUBT,,1970-01-01,0.2308061569929123,-0.08019483231516313,,,,0,27
2025-06-12 16:01:00+00:00,IONQ,RGTI,,1970-01-01,0.32733801007270813,-0.004294490769533075,0.010718045423435074,-1.511693503977905,0.7925772505503319,0,29
2025-06-12 16:02:00+00:00,QBTS,QUBT,,1970-01-01,0.27305200695991516,0.06378664029373443,,,,1,33
2025-06-12 16:03:00+00:00,IONQ,QUBT,,1970-01-01,0.37051859498023987,-0.18126349559294305,0.12826208663226737,2.797985513829908,3.5636761351472566,0,30
2025-06-12 16:04:00+00:00,RGTI,QBTS,,1970-01-01,0.14305759966373444,-0.010151578719928311,,,,0,32
2025-06-12 16:05:00+00:00,IONQ,QUBT,,1970-01-01,0.1901523768901825,-0.205246023229436,0.18102398528594046,-0.5599836126667017,1.6726214788635103,0,28
2025-06-12 16:06:00+00:00,IONQ,RGTI,,1970-01-01,0.33514147996902466,0.36439961000533355,-0.20943354029410982,-0.20086073678650207,-0.34534692018792157,1,19
2025-06-12 16:07:00+00:00,QBTS,RGTI,,1970-01-01,0.22236132621765137,0.015666881233366597,,,,1,25
2025-06-12 16:08:00+00:00,IONQ,QUBT,,1970-01-01,0.18070876598358154,0.18044967455267905,-0.290829978893777,-2.621028266032737,-1.3067802708858736,1,29
2025-06-12 16:09:00+00:00,QBTS,IONQ,,1970-01-01,0.28994396328926086,0.22045573897419984,,,,1,26
2025-06-12 16:10:00+00:00,QBTS,RGTI,,1970-01-01,0.2532641589641571,0.09385314394119158,,,,1,28
2025-06-12 16:11:00+00:00,QBTS,QUBT,,1970-01-01,0.7276455163955688,-0.06044054334224487,,,,0,22
2025-06-12 16:12:00+00:00,QUBT,RGTI,,1970-01-01,0.25750303268432617,0.4416090192643549,-0.12125306256254222,-0.9047894209565412,0.9981655551338515,1,21
2025-06-12 16:13:00+00:00,IONQ,QUBT,,1970-01-01,0.20772887766361237,0.29395961271007565,-0.25532819329949186,-1.3315645261509828,,1,25
2025-06-12 16:14:00+00:00,QBTS,IONQ,,1970-01-01,0.4835110902786255,0.29896311331517933,,,,1,24
2025-06-12 16:15:00+00:00,IONQ,RGTI,,1970-01-01,0.23085445165634155,0.12963298586299962,-0.2182784209074339,-0.39388164595682307,,1,27
2025-06-12 16:16:00+00:00,QBTS,IONQ,,1970-01-01,0.21207502484321594,-0.005599709852818657,,,,0,26
2025-06-12 16:17:00+00:00,RGTI,QBTS,,1970-01-01,0.11328421533107758,0.36832719699668603,,,,1,24
2025-06-12 16:18:00+00:00,QBTS,RGTI,,1970-01-01,0.3715008497238159,0.16209237969262086,,,,1,21
2025-06-12 16:19:00+00:00,RGTI,QBTS,,1970-01-01,0.2142142504453659,0.06339001309731582,,,,1,19
2025-06-12 16:20:00+00:00,QBTS,IONQ,,1970-01-01,0.24246877431869507,0.23956975964728883,,,,1,25
2025-06-12 16:21:00+00:00,QBTS,RGTI,,1970-01-01,0.1479528397321701,0.11609687909045163,,,,1,22
2025-06-12 16:22:00+00:00,QBTS,QUBT,,1970-01-01,0.21488597989082336,0.04358184982489783,,,,1,37
2025-06-12 16:23:00+00:00,IONQ,QUBT,,1970-01-01,0.27823495864868164,0.028992205621181086,,,,1,32
2025-06-12 16:24:00+00:00,QUBT,RGTI,,1970-01-01,0.18374627828598022,0.12295506914666907,,,,1,33
2025-06-12 16:25:00+00:00,IONQ,RGTI,,1970-01-01,0.11396713554859161,-0.10638489007117995,,,,0,30
2025-06-12 16:26:00+00:00,QBTS,IONQ,,1970-01-01,0.4378432035446167,0.21732769908310115,,,,1,20
2025-06-12 16:27:00+00:00,QBTS,QUBT,,1970-01-01,0.338967502117157,0.18043370563656372,,,,1,27
2025-06-12 16:28:00+00:00,QUBT,IONQ,,1970-01-01,1.8712584972381592,0.18441289802982358,,,,1,27
2025-06-12 16:29:00+00:00,QUBT,QBTS,,1970-01-01,0.10896258801221848,0.0021154610557686804,0.14948402794737628,,,1,21
2025-06-12 16:30:00+00:00,QBTS,IONQ,,1970-01-01,0.15422981977462769,-0.013152241659965938,,,,0,30
2025-06-12 16:31:00+00:00,QBTS,QUBT,,1970-01-01,0.35405221581459045,-0.132015069123398,,,,0,25
2025-06-12 16:32:00+00:00,QBTS,RGTI,,1970-01-01,0.22598403692245483,-0.24349613511865933,,,,0,23
2025-06-12 16:33:00+00:00,QBTS,RGTI,,1970-01-01,0.15162622928619385,0.2947446639949307,,,,1,22
2025-06-12 16:34:00+00:00,QBTS,IONQ,,1970-01-01,0.18648149073123932,0.05788567708027449,,,,1,27
2025-06-12 16:35:00+00:00,QBTS,QUBT,,1970-01-01,0.5856701135635376,0.3603658458928622,,,,1,19
2025-06-12 16:36:00+00:00,RGTI,IONQ,,1970-01-01,0.21194404363632202,-0.2480518010892167,,,,0,26
2025-06-12 16:37:00+00:00,QBTS,IONQ,,1970-01-01,0.3913043141365051,0.21089373289550423,,,,1,30
2025-06-12 16:38:00+00:00,RGTI,QUBT,,1970-01-01,0.18840131163597107,0.2579188434290345,-0.23690849934515557,-0.9558722676690148,-1.1073058692695181,1,25
2025-06-12 16:39:00+00:00,QBTS,IONQ,,1970-01-01,0.27336597442626953,0.03542528751613014,,,,1,26
2025-06-12 16:40:00+00:00,RGTI,QUBT,,1970-01-01,0.2483566850423813,0.03489648289399005,-0.07047402067732161,0.23318994123317383,-0.17226344220088674,1,24
2025-06-12 16:41:00+00:00,IONQ,QUBT,,1970-01-01,0.24495920538902283,0.21134057316140967,0.049319864330702984,-2.610452017865402,-0.4813445021690963,1,27
2025-06-12 16:42:00+00:00,QBTS,QUBT,,1970-01-01,0.3499133586883545,0.019450559473733454,,,,1,26
2025-06-12 16:43:00+00:00,QBTS,QUBT,,1970-01-01,0.14454612135887146,-0.07262310666582154,,,,0,30
2025-06-12 16:44:00+00:00,IONQ,QUBT,,1970-01-01,0.2628115713596344,0.23137397971694035,0.28712955141085267,2.2620551838931053,2.2430124565176883,1,25
2025-06-12 16:45:00+00:00,QBTS,RGTI,,1970-01-01,0.30305108428001404,0.037691035329172146,,,,1,25
2025-06-12 16:46:00+00:00,QBTS,QUBT,,1970-01-01,0.23622456192970276,0.13415221728732443,,,,1,24
2025-06-12 16:47:00+00:00,QBTS,QUBT,,1970-01-01,0.16365867853164673,0.08655955194845784,,,,1,31
2025-06-12 16:48:00+00:00,QUBT,IONQ,,1970-01-01,0.2235984206199646,0.12700993250767384,-0.12373720581736786,-1.0171466647446281,0.6842402459510897,1,25
2025-06-12 16:49:00+00:00,IONQ,QUBT,,1970-01-01,0.47047972679138184,0.11678462746389152,-0.038235049963313804,-1.928868191344727,-1.3177806494705704,1,24
2025-06-12 16:50:00+00:00,QUBT,QBTS,,1970-01-01,0.11077383160591125,0.24474518514159876,,,,1,29
2025-06-12 16:51:00+00:00,QBTS,QUBT,,1970-01-01,0.14966152608394623,0.07962603915921826,,,,1,31
2025-06-12 16:52:00+00:00,QBTS,RGTI,,1970-01-01,0.36573904752731323,0.40213239344112117,,,,1,21
2025-06-12 16:53:00+00:00,QUBT,QBTS,,1970-01-01,2.459700107574463,-0.09212325791761068,,,,0,27
2025-06-12 16:54:00+00:00,QBTS,QUBT,,1970-01-01,0.2955380082130432,0.07532134853817246,,,,1,35
2025-06-12 16:55:00+00:00,IONQ,RGTI,,1970-01-01,0.16559243202209473,0.005223648562911749,,,,1,33
2025-06-12 16:56:00+00:00,IONQ,QBTS,,1970-01-01,0.7950391173362732,-0.01019725246083729,,,,0,31
2025-06-12 16:57:00+00:00,QBTS,QUBT,,1970-01-01,0.1653023511171341,0.043532487246756235,,,,1,30
2025-06-12 16:58:00+00:00,IONQ,QBTS,,1970-01-01,0.13040661811828613,0.23510262928927966,,,,1,26
2025-06-12 16:59:00+00:00,QBTS,RGTI,,1970-01-01,0.511820912361145,-0.10122706738177463,,,,0,27
2025-06-12 17:00:00+00:00,IONQ,QUBT,,1970-01-01,0.13239368796348572,0.04986485177767902,,,,1,29
2025-06-12 17:01:00+00:00,RGTI,QUBT,,1970-01-01,0.36516833305358887,0.25270084044394764,-0.6717266003785065,-2.4024912441306574,-5.069490414400079,1,19
2025-06-12 17:02:00+00:00,QUBT,QBTS,,1970-01-01,0.15305252373218536,0.12236348247223675,,,,1,26
2025-06-12 17:03:00+00:00,IONQ,RGTI,,1970-01-01,0.18483823537826538,0.028897939862979893,,,,1,25
2025-06-12 17:04:00+00:00,QBTS,QUBT,,1970-01-01,0.21418353915214539,0.6167485564147914,,,,1,17
2025-06-12 17:05:00+00:00,IONQ,QBTS,,1970-01-01,0.18389193713665009,0.10821926143121349,,,,1,27
2025-06-12 17:06:00+00:00,QUBT,IONQ,,1970-01-01,2.0666024684906006,-0.17294797476810583,0.24990369313105879,2.140781750890146,0.07425140035265998,0,26
2025-06-12 17:07:00+00:00,IONQ,QUBT,,1970-01-01,0.29192304611206055,0.1387224785618441,-0.061279814140112694,,,1,32
2025-06-12 17:08:00+00:00,IONQ,QUBT,,1970-01-01,0.2515026032924652,-0.41273414554082816,,,,0,23
2025-06-12 17:09:00+00:00,IONQ,QUBT,,1970-01-01,0.269340455532074,0.12246461079121712,,,,1,32
2025-06-12 17:10:00+00:00,QBTS,QUBT,,1970-01-01,0.17589639127254486,0.11972331651961962,,,,1,30
2025-06-12 17:11:00+00:00,RGTI,QBTS,,1970-01-01,0.1853497177362442,0.20115058976878314,,,,1,26
2025-06-12 17:12:00+00:00,IONQ,QUBT,,1970-01-01,0.2257465124130249,0.1393468317695502,-0.0400561662630069,1.305462322655992,0.5512696026511067,1,34
2025-06-12 17:13:00+00:00,RGTI,QBTS,,1970-01-01,0.08421654999256134,0.17165234547254368,0.01830754966108539,,,1,23
2025-06-12 17:14:00+00:00,QBTS,QUBT,,1970-01-01,0.2315424084663391,0.2711436449710892,,,,1,26
2025-06-12 17:15:00+00:00,QUBT,RGTI,,1970-01-01,0.6915374398231506,0.1397195073385717,-0.39499067477824046,-0.45149169948221735,4.710642562441221,1,20
2025-06-12 17:16:00+00:00,QBTS,RGTI,,1970-01-01,0.38051944971084595,0.0020058882841013353,,,,1,37
2025-06-12 17:17:00+00:00,QBTS,QUBT,,1970-01-01,0.18869663774967194,0.2498522948202094,,,,1,28
2025-06-12 17:18:00+00:00,IONQ,QBTS,,1970-01-01,0.16045208275318146,-0.004157574551523284,,,,0,27
2025-06-12 17:19:00+00:00,IONQ,QUBT,,1970-01-01,0.36939743161201477,-0.020308039208045234,,,,0,29
2025-06-12 17:20:00+00:00,QBTS,QUBT,,1970-01-01,0.34297803044319153,0.33552344530167477,,,,1,27
2025-06-12 17:21:00+00:00,IONQ,RGTI,,1970-01-01,0.18890807032585144,0.23977230636492392,0.11268899705537351,2.715421883312855,1.5403192063550786,1,27
2025-06-12 17:22:00+00:00,QBTS,QUBT,,1970-01-01,0.2608775496482849,0.02730309723286756,,,,1,23
2025-06-12 17:23:00+00:00,QBTS,QUBT,,1970-01-01,2.1608190536499023,0.1889920064628785,,,,1,31
2025-06-12 17:24:00+00:00,RGTI,QBTS,,1970-01-01,0.186406672000885,0.16205897785373846,,,,1,21
2025-06-12 17:25:00+00:00,QBTS,QUBT,,1970-01-01,4.735954284667969,-0.1465478395916089,,,,0,23
2025-06-12 17:26:00+00:00,QBTS,QUBT,,1970-01-01,0.6103653311729431,0.4839041417913388,,,,1,19
2025-06-12 17:27:00+00:00,QUBT,RGTI,,1970-01-01,0.16716578602790833,0.1431218730161521,0.23273801941337924,3.1181230031950506,0.8671408114205867,1,30
2025-06-12 17:28:00+00:00,IONQ,QUBT,,1970-01-01,0.12446026504039764,-0.12695934431417,-0.0916352255492128,1.127747146994658,,0,29
2025-06-12 17:29:00+00:00,QUBT,QBTS,,1970-01-01,2.614553689956665,-0.3081104543081554,,,,0,26
2025-06-12 17:30:00+00:00,IONQ,QUBT,,1970-01-01,0.20393376052379608,-0.02018242803153969,0.05737330412014505,,,0,30
2025-06-12 17:31:00+00:00,IONQ,QBTS,,1970-01-01,0.17734986543655396,-0.2974934283088879,,,,0,33
2025-06-12 17:32:00+00:00,IONQ,QBTS,,1970-01-01,0.29242944717407227,0.3469041333539163,,,,1,25
2025-06-12 17:33:00+00:00,RGTI,QUBT,,1970-01-01,0.2286112904548645,0.011779527466941764,0.19015024715367912,1.5754382429996958,0.7146940141734045,1,17
2025-06-12 17:34:00+00:00,IONQ,QUBT,,1970-01-01,0.13103865087032318,0.37289550296310603,-0.12894198979884297,,-3.802673169796446,1,24
2025-06-12 17:35:00+00:00,IONQ,QUBT,,1970-01-01,0.12887176871299744,-0.2696939621488873,0.011539596839980182,,-0.17152817238383877,0,25
2025-06-12 17:36:00+00:00,QBTS,RGTI,,1970-01-01,0.024348940700292587,-0.3550636205659073,0.0,,,0,22
2025-06-12 17:37:00+00:00,QUBT,QBTS,,1970-01-01,0.35534924268722534,-0.08493047986134633,,,,0,26
2025-06-12 17:38:00+00:00,RGTI,QUBT,,1970-01-01,0.15188981592655182,0.13493516637887137,,,,1,35
2025-06-12 17:39:00+00:00,QBTS,IONQ,,1970-01-01,0.2117931842803955,-0.07196020279217066,,,,0,27
2025-06-12 17:40:00+00:00,RGTI,QUBT,,1970-01-01,0.22409836947917938,-0.2019267444579861,0.12361714556880302,0.3024518666463515,0.3518398647514849,0,28
2025-06-12 17:41:00+00:00,QBTS,QUBT,,1970-01-01,0.25000154972076416,0.08395512590611239,,,,1,37
2025-06-12 17:42:00+00:00,QUBT,RGTI,,1970-01-01,0.16585370898246765,-0.10168397930943518,-0.06737181153280951,-0.21332267590243575,0.705116616261732,0,38
2025-06-12 17:43:00+00:00,QBTS,RGTI,,1970-01-01,0.1835101991891861,0.012962714581506898,,,,1,30
2025-06-12 17:44:00+00:00,IONQ,QUBT,,1970-01-01,0.1987406611442566,-0.05150108988416699,-0.03959897442587894,0.814179428900037,0.7070821045935596,0,31
2025-06-12 17:45:00+00:00,IONQ,QUBT,,1970-01-01,0.22652697563171387,0.016081440398162783,,,,1,23
2025-06-12 17:46:00+00:00,IONQ,QUBT,,1970-01-01,0.31872591376304626,0.2768767991658808,,,,1,25
2025-06-12 17:47:00+00:00,QBTS,QUBT,,1970-01-01,0.43971970677375793,-0.19447660969390143,,,,0,22
2025-06-12 17:48:00+00:00,IONQ,QUBT,,1970-01-01,0.25781741738319397,-0.11708291218464731,0.1864400925261123,,,0,24
2025-06-12 17:49:00+00:00,QBTS,IONQ,,1970-01-01,0.21751418709754944,0.16581063806779456,,,,1,32
2025-06-12 17:50:00+00:00,IONQ,RGTI,,1970-01-01,0.2231806516647339,-0.009393305911497543,,,,0,35
2025-06-12 17:51:00+00:00,IONQ,RGTI,,1970-01-01,0.23122012615203857,0.16101806914244193,,,,1,25
2025-06-12 17:52:00+00:00,RGTI,QUBT,,1970-01-01,0.2512403428554535,0.2199098408169719,,,,1,24
2025-06-12 17:53:00+00:00,IONQ,QUBT,,1970-01-01,0.20943120121955872,0.21554715692474313,0.11754516017915587,1.4573965777094893,-1.1446717256074281,1,23
2025-06-12 17:54:00+00:00,RGTI,IONQ,,1970-01-01,0.2659192383289337,0.17202334559879365,,,,1,26
2025-06-12 17:55:00+00:00,QBTS,QUBT,,1970-01-01,0.3370319902896881,0.19622566194152818,,,,1,26
2025-06-12 17:56:00+00:00,QBTS,QUBT,,1970-01-01,0.29925787448883057,-0.06350203747472526,,,,0,19
2025-06-12 17:57:00+00:00,QBTS,QUBT,,1970-01-01,0.23575074970722198,0.3200322161735117,0.07972219888248415,,,1,21
2025-06-12 17:58:00+00:00,IONQ,QUBT,,1970-01-01,0.28770390152931213,-0.01527047065982429,,,,0,24
2025-06-12 17:59:00+00:00,IONQ,QBTS,,1970-01-01,0.1679990589618683,0.011579954015039723,,,,1,28
2025-06-12 18:00:00+00:00,RGTI,QUBT,,1970-01-01,0.22842155396938324,0.30691156688078647,0.5928061170664485,1.758343007926801,-0.13621928591655738,1,21
2025-06-12 18:01:00+00:00,QBTS,RGTI,,1970-01-01,0.16949120163917542,0.23303393147750845,,,,1,23
2025-06-12 18:02:00+00:00,RGTI,QUBT,,1970-01-01,1.2994747161865234,0.20987341303275775,0.0002844991500277477,1.2255049705334993,1.3601724030953304,1,27
2025-06-12 18:03:00+00:00,RGTI,IONQ,,1970-01-01,0.22331193089485168,0.3396350377433853,0.16043332957893836,-2.054605543219763,0.1285347831648693,1,23
2025-06-12 18:04:00+00:00,IONQ,RGTI,,1970-01-01,0.26048609614372253,0.2714208626569692,,,,1,26
2025-06-12 18:05:00+00:00,QUBT,RGTI,,1970-01-01,0.15728479623794556,-0.15685967284151228,,,,0,22
2025-06-12 18:06:00+00:00,QBTS,RGTI,,1970-01-01,0.36230260133743286,0.32800905409953923,,,,1,21
2025-06-12 18:07:00+00:00,RGTI,QUBT,,1970-01-01,0.12648391723632812,0.31889312344353005,-0.07040557161016532,-1.2549082386197257,-2.1877190791958006,1,23
2025-06-12 18:08:00+00:00,QBTS,RGTI,,1970-01-01,0.2857895493507385,0.26002361555156556,,,,1,25
2025-06-12 18:09:00+00:00,RGTI,IONQ,,1970-01-01,0.4805292785167694,0.2118849084820644,,,,1,22
2025-06-12 18:10:00+00:00,QBTS,QUBT,,1970-01-01,0.7326771020889282,0.593524775370778,,,,1,18
2025-06-12 18:11:00+00:00,QBTS,QUBT,,1970-01-01,0.4265855550765991,-0.4911493880871849,,,,0,20
2025-06-12 18:12:00+00:00,QBTS,QUBT,,1970-01-01,0.40969541668891907,0.44534739357570435,,,,1,16
2025-06-12 18:13:00+00:00,RGTI,QUBT,,1970-01-01,0.4470880925655365,-0.1643848828886158,0.2833347075970053,0.4841565369675288,1.0724725286572576,0,24
2025-06-12 18:14:00+00:00,RGTI,IONQ,,1970-01-01,0.36529406905174255,0.434675999175828,0.12700011714181608,-1.1874669015464652,-1.615435943531137,1,20
2025-06-12 18:15:00+00:00,QBTS,RGTI,,1970-01-01,0.5302342772483826,0.15604986054891418,,,,1,22
2025-06-12 18:16:00+00:00,QUBT,IONQ,,1970-01-01,0.3013054430484772,0.07858294915340544,-0.27679638255850775,-0.5946688902776034,0.7182227389805309,1,20
2025-06-12 18:17:00+00:00,IONQ,RGTI,,1970-01-01,0.22752836346626282,0.09412365601940312,-0.04205719207203318,-0.9832226423124013,-1.8659808445686432,1,27
2025-06-12 18:18:00+00:00,QBTS,QUBT,,1970-01-01,0.4332970678806305,0.04365924109416248,,,,1,17
2025-06-12 18:19:00+00:00,QBTS,QUBT,,1970-01-01,0.6243618130683899,0.026702294603452997,,,,1,25
2025-06-12 18:20:00+00:00,RGTI,QUBT,,1970-01-01,0.09843675047159195,0.0856146088459998,0.33922844475430153,1.6456873914125976,0.40992463441692195,1,25
2025-06-12 18:21:00+00:00,IONQ,QUBT,,1970-01-01,0.6886274814605713,-0.09710694946242204,-0.5496784297452915,-4.775854970418117,-1.6113400369288606,0,18
2025-06-12 18:22:00+00:00,IONQ,QUBT,,1970-01-01,0.472718209028244,0.3265019028354437,0.38394904420181586,-3.7546086522356026,,1,22
2025-06-12 18:23:00+00:00,RGTI,IONQ,,1970-01-01,0.7350805401802063,0.7906899182091287,5.213439118585445,5.266021528522281,,1,27
2025-06-12 18:24:00+00:00,QBTS,QUBT,,1970-01-01,0.5359072089195251,-0.08250760152785751,,,,0,33
2025-06-12 18:25:00+00:00,QBTS,QUBT,,1970-01-01,0.3289833068847656,-0.07103533292715283,,,,0,34
2025-06-12 18:26:00+00:00,IONQ,QUBT,,1970-01-01,0.31171464920043945,0.16914606632542545,-0.7109319235294695,-2.555847086669862,-3.1232738542869236,1,29
2025-06-12 18:27:00+00:00,QBTS,QUBT,,1970-01-01,0.28591179847717285,-0.09168684972836197,,,,0,37
2025-06-12 18:28:00+00:00,IONQ,QUBT,,1970-01-01,0.8011881113052368,0.7323700753360813,0.883186814582578,3.5440604191076055,1.8040661817237542,1,21
2025-06-12 18:29:00+00:00,QBTS,QUBT,,1970-01-01,0.5171261429786682,-0.20287187293923725,,,,0,26
2025-06-12 18:30:00+00:00,IONQ,QUBT,,1970-01-01,0.1427905559539795,0.004378708192866378,,,,1,27
2025-06-12 18:31:00+00:00,QBTS,QUBT,,1970-01-01,0.3513275980949402,0.4400004897045651,,,,1,21
2025-06-12 18:32:00+00:00,IONQ,QUBT,,1970-01-01,0.09528081119060516,-0.15693710069645758,,,,0,34
2025-06-12 18:33:00+00:00,IONQ,QUBT,,1970-01-01,0.31977182626724243,-0.01413951244852304,,,,0,27
2025-06-12 18:34:00+00:00,QBTS,QUBT,,1970-01-01,0.5730125904083252,0.02794001149004985,,,,1,20
2025-06-12 18:35:00+00:00,RGTI,QUBT,,1970-01-01,0.19858254492282867,0.2813250827404001,0.09508814401790269,-0.6893279364651568,-1.1569530306004918,1,25
2025-06-12 18:36:00+00:00,QUBT,QBTS,,1970-01-01,0.1154184490442276,-0.01105580546835061,,,,0,20
2025-06-12 18:37:00+00:00,IONQ,QUBT,,1970-01-01,0.11692260205745697,-0.20140325897438238,0.02703247792825143,3.257466258409291,0.20249830747591402,0,25
2025-06-12 18:38:00+00:00,IONQ,QUBT,,1970-01-01,0.6548708081245422,0.10252593345390348,,,,1,26
2025-06-12 18:39:00+00:00,RGTI,QUBT,,1970-01-01,0.5416390299797058,-0.3234082775420558,-0.03948164412636739,0.1679227571289923,,0,20
2025-06-12 18:40:00+00:00,QBTS,QUBT,,1970-01-01,0.41560083627700806,-0.18569508137622945,,,,0,28
2025-06-12 18:41:00+00:00,QBTS,IONQ,,1970-01-01,0.2704920470714569,0.1314771834288849,,,,1,24
2025-06-12 18:42:00+00:00,IONQ,QUBT,,1970-01-01,0.42965275049209595,0.3985844690760181,,,,1,24
2025-06-12 18:43:00+00:00,QBTS,IONQ,,1970-01-01,0.2951476275920868,0.03618581546593095,,,,1,26
2025-06-12 18:44:00+00:00,QBTS,QUBT,,1970-01-01,0.5771641731262207,0.45432627389551516,,,,1,24
2025-06-12 18:45:00+00:00,IONQ,QUBT,,1970-01-01,0.5540202856063843,-0.25690955619680966,,,,0,22
2025-06-12 18:46:00+00:00,IONQ,QUBT,,1970-01-01,1.1031184196472168,0.25595031121300166,,,,1,22
2025-06-12 18:47:00+00:00,QBTS,RGTI,,1970-01-01,0.3050546646118164,0.1571930592568997,,,,1,18
2025-06-12 18:48:00+00:00,RGTI,QUBT,,1970-01-01,0.25182583928108215,0.18620634336996233,-0.08653439197978241,-0.343069764179793,0.10926415099387471,1,26
2025-06-12 18:49:00+00:00,IONQ,QUBT,,1970-01-01,0.2930140197277069,-0.3083794353187395,,,,0,20
2025-06-12 18:50:00+00:00,QBTS,QUBT,,1970-01-01,0.46149805188179016,0.13810650000083746,,,,1,27
2025-06-12 18:51:00+00:00,IONQ,QBTS,,1970-01-01,0.1878351867198944,0.1268034022207561,,,,1,28
2025-06-12 18:52:00+00:00,QBTS,QUBT,,1970-01-01,0.3659502863883972,0.2929849797066325,,,,1,18
2025-06-12 18:53:00+00:00,QBTS,QUBT,,1970-01-01,0.9975682497024536,0.03078426102232646,,,,1,20
2025-06-12 18:54:00+00:00,RGTI,IONQ,,1970-01-01,0.22153984010219574,0.29806265716413965,0.09303982385843357,,,1,23
2025-06-12 18:55:00+00:00,IONQ,RGTI,,1970-01-01,0.18842007219791412,0.29748272027670053,,,,1,25
2025-06-12 18:56:00+00:00,RGTI,QUBT,,1970-01-01,0.21441921591758728,0.023838739190617905,,,,1,27
2025-06-12 18:57:00+00:00,IONQ,QUBT,,1970-01-01,0.35445764660835266,0.17477254849013113,-0.033470335187949625,,,1,26
2025-06-12 18:58:00+00:00,IONQ,RGTI,,1970-01-01,0.3738512694835663,-0.07952644631892644,,,,0,20
2025-06-12 18:59:00+00:00,IONQ,QUBT,,1970-01-01,1.0375527143478394,-0.011322032187129169,,,,0,28
2025-06-12 19:00:00+00:00,RGTI,QBTS,,1970-01-01,0.2613004446029663,0.020765710362695568,,,,1,29
2025-06-12 19:01:00+00:00,QBTS,QUBT,,1970-01-01,0.2465832680463791,-0.12524520915586956,,,,0,33
2025-06-12 19:02:00+00:00,QBTS,QUBT,,1970-01-01,0.23770007491111755,0.0640710565228122,,,,1,24
2025-06-12 19:03:00+00:00,IONQ,QBTS,,1970-01-01,0.06360317021608353,-0.3294377812638375,,,,0,27
2025-06-12 19:04:00+00:00,IONQ,QBTS,,1970-01-01,0.08976225554943085,-0.06812167991512727,,,,0,27
2025-06-12 19:05:00+00:00,IONQ,QBTS,,1970-01-01,0.18747659027576447,0.37461369127598576,,,,1,18
2025-06-12 19:06:00+00:00,IONQ,QUBT,,1970-01-01,0.2913879156112671,0.34782437724004334,,,,1,24
2025-06-12 19:07:00+00:00,IONQ,RGTI,,1970-01-01,0.22327831387519836,0.01611514775689679,,,,1,22
2025-06-12 19:08:00+00:00,QBTS,RGTI,,1970-01-01,0.446351557970047,0.18245014626982428,,,,1,24
2025-06-12 19:09:00+00:00,QUBT,QBTS,,1970-01-01,0.2991883456707001,0.4494560072826944,,,,1,25
2025-06-12 19:10:00+00:00,QBTS,QUBT,,1970-01-01,0.16982737183570862,-0.08507964278245045,,,,0,23
2025-06-12 19:11:00+00:00,RGTI,IONQ,,1970-01-01,0.19869226217269897,0.2085073444875736,,,,1,25
2025-06-12 19:12:00+00:00,QBTS,RGTI,,1970-01-01,0.2168848067522049,0.1262266462345502,,,,1,26
2025-06-12 19:13:00+00:00,QBTS,QUBT,,1970-01-01,0.48920199275016785,0.01232897402176594,,,,1,22
2025-06-12 19:14:00+00:00,IONQ,QUBT,,1970-01-01,0.3573816120624542,0.5460724715327077,0.34989117048884477,1.5542526789443702,-0.2792287540938396,1,21
2025-06-12 19:15:00+00:00,QUBT,IONQ,,1970-01-01,0.09406726062297821,0.17337287963771025,0.44985478647062016,-0.26381715423458263,3.081030768199888,1,24
2025-06-12 19:16:00+00:00,IONQ,RGTI,,1970-01-01,0.31119170784950256,0.1754091274597438,0.6686136776247459,,3.7712026558291054,1,23
2025-06-12 19:17:00+00:00,QBTS,QUBT,,1970-01-01,0.15877564251422882,0.10977092225256628,,,,1,26
2025-06-12 19:18:00+00:00,QBTS,QUBT,,1970-01-01,0.2568047046661377,0.27955681307610747,,,,1,20
2025-06-12 19:19:00+00:00,IONQ,RGTI,,1970-01-01,0.16693955659866333,-0.05490879675526544,,,,0,24
2025-06-12 19:20:00+00:00,IONQ,RGTI,,1970-01-01,0.24339960515499115,-0.01565878028528145,,,,0,22
2025-06-12 19:21:00+00:00,QUBT,RGTI,,1970-01-01,0.16639888286590576,0.18993731273151562,,,,1,16
2025-06-12 19:22:00+00:00,QBTS,QUBT,,1970-01-01,0.24509112536907196,0.3151514568870929,,,,1,23
2025-06-12 19:23:00+00:00,QUBT,QBTS,,1970-01-01,0.04462878406047821,0.3139887271691122,,,,1,24
2025-06-12 19:24:00+00:00,QUBT,IONQ,,1970-01-01,0.24955987930297852,0.24095928928892027,,,,1,21
2025-06-12 19:25:00+00:00,QBTS,RGTI,,1970-01-01,1.5036101341247559,-0.02202787092197886,,,,0,29
2025-06-12 19:26:00+00:00,QBTS,QUBT,,1970-01-01,0.33252060413360596,0.1751096317582082,,,,1,22
2025-06-12 19:27:00+00:00,IONQ,QBTS,,1970-01-01,0.44270390272140503,0.34727521455624366,,,,1,22
2025-06-12 19:28:00+00:00,RGTI,QUBT,,1970-01-01,0.27379220724105835,0.19519489469237275,0.034810876473973955,0.015954721446276854,0.41495008078500595,1,21
2025-06-12 19:29:00+00:00,IONQ,QBTS,,1970-01-01,0.1754027158021927,0.35417876054405756,,,,1,22
2025-06-12 19:30:00+00:00,QBTS,IONQ,,1970-01-01,0.43216565251350403,0.2800952117485746,,,,1,25
2025-06-12 19:31:00+00:00,QBTS,QUBT,,1970-01-01,0.2151903659105301,-0.020258283304054835,,,,0,26
2025-06-12 19:32:00+00:00,QBTS,QUBT,,1970-01-01,0.3446965217590332,0.1942862998212991,,,,1,24
2025-06-12 19:33:00+00:00,RGTI,IONQ,,1970-01-01,0.2190665900707245,0.43013137172446225,-0.8221184721983482,-2.357002391202705,2.676773103152741,1,23
2025-06-12 19:34:00+00:00,QUBT,RGTI,,1970-01-01,0.26009804010391235,0.3486685422837475,0.2817716908917857,-0.41335969242856474,0.7837828278031017,1,24
2025-06-12 19:35:00+00:00,QBTS,QUBT,,1970-01-01,0.32583895325660706,0.33716227854184755,,,,1,21
2025-06-12 19:36:00+00:00,QBTS,RGTI,,1970-01-01,0.27588024735450745,-0.04540978996952845,,,,0,32
2025-06-12 19:37:00+00:00,QBTS,IONQ,,1970-01-01,0.19461974501609802,-0.06568625339840775,,,,0,25
2025-06-12 19:38:00+00:00,QBTS,QUBT,,1970-01-01,0.5144625306129456,0.22803427736235027,,,,1,24
2025-06-12 19:39:00+00:00,IONQ,RGTI,,1970-01-01,0.4126048982143402,0.010194079394946315,,,,1,24
2025-06-12 19:40:00+00:00,QBTS,QUBT,,1970-01-01,0.3398522734642029,0.15934792742213388,,,,1,32
2025-06-12 19:41:00+00:00,IONQ,RGTI,,1970-01-01,0.35536330938339233,0.4705935198044915,,,,1,22
2025-06-12 19:42:00+00:00,QBTS,RGTI,,1970-01-01,0.24866598844528198,0.1035440059767404,,,,1,23
2025-06-12 19:43:00+00:00,IONQ,RGTI,,1970-01-01,0.5100653171539307,-0.03254952350980661,0.34936059852973156,,,0,28
2025-06-12 19:44:00+00:00,QBTS,RGTI,,1970-01-01,0.25304606556892395,0.10310404587720949,,,,1,26
2025-06-12 19:45:00+00:00,IONQ,QUBT,,1970-01-01,0.2672681510448456,0.24828869064230896,,,,1,31
2025-06-12 19:46:00+00:00,RGTI,QUBT,,1970-01-01,0.12482557445764542,-0.021115959389832864,0.0,-1.9452122277650625,-0.991761653696578,0,29
2025-06-12 19:47:00+00:00,QBTS,QUBT,,1970-01-01,0.5974997878074646,0.22013075756255557,,,,1,26
2025-06-12 19:48:00+00:00,QBTS,RGTI,,1970-01-01,0.11032288521528244,0.18005853420776102,,,,1,30
2025-06-12 19:49:00+00:00,QUBT,QBTS,,1970-01-01,0.27656683325767517,0.32635871183122955,,,,1,33
2025-06-12 19:50:00+00:00,QBTS,QUBT,,1970-01-01,0.24616561830043793,0.17721959229891754,,,,1,32
2025-06-12 19:51:00+00:00,QUBT,RGTI,,1970-01-01,0.21118608117103577,0.005005922532600647,,,,1,31
2025-06-12 19:52:00+00:00,IONQ,RGTI,,1970-01-01,0.14936760067939758,0.1457551010123378,,,,1,33
2025-06-12 19:53:00+00:00,QUBT,IONQ,,1970-01-01,0.6006128787994385,0.43871688722896596,,,,1,26
2025-06-12 19:54:00+00:00,QBTS,QUBT,,1970-01-01,0.4305154085159302,-0.08719402450458204,,,,0,26
2025-06-12 19:55:00+00:00,QBTS,QUBT,,1970-01-01,0.19858098030090332,0.3499713118099522,,,,1,37
2025-06-12 19:56:00+00:00,IONQ,QBTS,,1970-01-01,0.20977769792079926,0.1495217608331891,,,,1,36
2025-06-12 19:57:00+00:00,QBTS,QUBT,,1970-01-01,0.4326023757457733,0.16201712534003,,,,1,29
2025-06-12 19:58:00+00:00,QBTS,IONQ,,1970-01-01,0.3160066306591034,0.21842216341720816,,,,1,32
2025-06-12 19:59:00+00:00,IONQ,QUBT,,1970-01-01,0.40145376324653625,0.2229849425885051,-0.11036757393020616,-0.5473118722062602,,1,35
2025-06-13 14:00:00+00:00,QBTS,IONQ,,1970-01-01,0.17977488040924072,-0.05898587964502951,,,,0,31
2025-06-13 14:01:00+00:00,RGTI,QUBT,,1970-01-01,0.3675956130027771,-0.01744391288181543,-0.3373527373222227,0.07901947069437112,1.422217134255775,0,29
2025-06-13 14:02:00+00:00,IONQ,QUBT,,1970-01-01,0.2618279457092285,0.06551525228442547,,,,1,28
2025-06-13 14:03:00+00:00,IONQ,QUBT,,1970-01-01,0.22055241465568542,-0.03086861943469133,,,,0,31
2025-06-13 14:04:00+00:00,IONQ,RGTI,,1970-01-01,0.43578779697418213,0.026658680359360303,,,,1,24
2025-06-13 14:05:00+00:00,QBTS,RGTI,,1970-01-01,0.5284093022346497,-0.021458905724423195,,,,0,31
2025-06-13 14:06:00+00:00,IONQ,RGTI,,1970-01-01,0.16736726462841034,0.0016939875784644995,,,,1,28
2025-06-13 14:07:00+00:00,IONQ,QUBT,,1970-01-01,0.29067230224609375,0.04193042621891342,,,,1,27
2025-06-13 14:08:00+00:00,IONQ,QUBT,,1970-01-01,0.10193639248609543,-0.020223404339273856,,,,0,24
2025-06-13 14:09:00+00:00,QUBT,RGTI,,1970-01-01,0.04974009841680527,-0.018417675418367623,0.40636901590005076,3.262736335231603,3.0845308264494724,0,26
2025-06-13 14:10:00+00:00,QBTS,RGTI,,1970-01-01,0.10229125618934631,0.003956577236021819,,,,1,36
2025-06-13 14:11:00+00:00,QBTS,RGTI,,1970-01-01,0.07320766150951385,0.00034684369470369854,,,,1,33
2025-06-13 14:12:00+00:00,QBTS,QUBT,,1970-01-01,0.11130397766828537,-0.052273999501875536,,,,0,38
2025-06-13 14:13:00+00:00,QBTS,QUBT,,1970-01-01,0.15313366055488586,0.002467707501506218,,,,1,36
2025-06-13 14:14:00+00:00,QBTS,RGTI,,1970-01-01,0.07815341651439667,-0.01612845846270241,,,,0,27
2025-06-13 14:15:00+00:00,QBTS,QUBT,,1970-01-01,0.12778179347515106,-0.030047857465410527,,,,0,27
2025-06-13 14:16:00+00:00,QBTS,RGTI,,1970-01-01,0.11249147355556488,-0.0075994511675190985,,,,0,35
2025-06-13 14:17:00+00:00,IONQ,QUBT,,1970-01-01,0.1403154879808426,0.07983463134136726,,,,1,30
2025-06-13 14:18:00+00:00,IONQ,QUBT,,1970-01-01,0.16123399138450623,-0.03665276148800039,,,,0,30
2025-06-13 14:19:00+00:00,QBTS,QUBT,,1970-01-01,0.14318495988845825,-0.027578356454595727,,,,0,29
2025-06-13 14:20:00+00:00,QBTS,QUBT,,1970-01-01,0.20033013820648193,-0.018861084522997822,,,,0,33
2025-06-13 14:21:00+00:00,QBTS,QUBT,,1970-01-01,0.26978808641433716,0.07315219493691456,,,,1,31
2025-06-13 14:22:00+00:00,IONQ,QUBT,,1970-01-01,0.18628905713558197,-0.02184207352663482,-0.1653696975975203,,,0,35
2025-06-13 14:23:00+00:00,QBTS,QUBT,,1970-01-01,0.277984619140625,0.04552085327048021,,,,1,31
2025-06-13 14:24:00+00:00,QBTS,RGTI,,1970-01-01,0.3085826337337494,0.021590900597108262,,,,1,30
2025-06-13 14:25:00+00:00,QBTS,RGTI,,1970-01-01,0.29341334104537964,-0.015323825695982698,,,,0,27
2025-06-13 14:26:00+00:00,QBTS,RGTI,,1970-01-01,0.13321417570114136,0.00980644224228678,,,,1,31
2025-06-13 14:27:00+00:00,QBTS,QUBT,,1970-01-01,0.16516566276550293,-0.0006190359860823334,,,,0,32
2025-06-13 14:28:00+00:00,QBTS,QUBT,,1970-01-01,0.15888360142707825,-0.007089447904009027,,,,0,37
2025-06-13 14:29:00+00:00,QBTS,QUBT,,1970-01-01,0.22638480365276337,0.05028505288310839,,,,1,29
2025-06-13 14:30:00+00:00,QBTS,RGTI,,1970-01-01,0.19690588116645813,0.0053339860842184115,,,,1,36
2025-06-13 14:31:00+00:00,IONQ,RGTI,,1970-01-01,1.688941478729248,-0.008589881498910363,,,,0,34
2025-06-13 14:32:00+00:00,IONQ,QUBT,,1970-01-01,0.37319839000701904,0.03897548068262728,0.01919576688276017,,,1,27
2025-06-13 14:33:00+00:00,IONQ,RGTI,,1970-01-01,0.2611938714981079,-0.029667514599666284,,,,0,26
2025-06-13 14:34:00+00:00,QBTS,RGTI,,1970-01-01,0.3647443652153015,-0.009697528832777354,,,,0,32
2025-06-13 14:35:00+00:00,RGTI,QUBT,,1970-01-01,0.197174072265625,-0.005643835780499918,-0.00865853329806918,-0.09163579990663198,-3.0321822356031136,0,24
2025-06-13 14:36:00+00:00,IONQ,QUBT,,1970-01-01,0.2776503264904022,0.06494352189823298,,,,1,21
2025-06-13 14:37:00+00:00,QBTS,QUBT,,1970-01-01,0.3233734667301178,0.00220029131518978,,,,1,32
2025-06-13 14:38:00+00:00,IONQ,QUBT,,1970-01-01,0.22540700435638428,0.026919912932436018,,,,1,22
2025-06-13 14:39:00+00:00,QBTS,QUBT,,1970-01-01,0.15504799783229828,-0.00886639209165233,,,,0,32
2025-06-13 14:40:00+00:00,IONQ,QUBT,,1970-01-01,0.3578834533691406,0.12362359458160006,,,,1,31
2025-06-13 14:41:00+00:00,QBTS,QUBT,,1970-01-01,0.4237858057022095,-0.09042213944325496,,,,0,33
2025-06-13 14:42:00+00:00,QBTS,QUBT,,1970-01-01,0.20559756457805634,7.040313924460498,,,,1,21
2025-06-13 14:43:00+00:00,QUBT,RGTI,,1970-01-01,1.6748238801956177,2.0010999045217703,,,,1,26
2025-06-13 14:44:00+00:00,QBTS,QUBT,,1970-01-01,0.2316206395626068,0.0018911105176266704,,,,1,26
2025-06-13 14:45:00+00:00,QBTS,IONQ,,1970-01-01,0.15134136378765106,0.003647570154495871,,,,1,27
2025-06-13 14:46:00+00:00,QBTS,QUBT,,1970-01-01,0.18127411603927612,0.1316738342699796,,,,1,31
2025-06-13 14:47:00+00:00,QUBT,RGTI,,1970-01-01,0.12907394766807556,0.2217998013316026,,,,1,25
2025-06-13 14:48:00+00:00,QBTS,QUBT,,1970-01-01,0.1370832622051239,0.06498464442767155,,,,1,36
2025-06-13 14:49:00+00:00,QBTS,RGTI,,1970-01-01,0.06868018209934235,0.006834363267014269,,,,1,31
2025-06-13 14:50:00+00:00,QBTS,QUBT,,1970-01-01,0.11307169497013092,0.02375574600392429,,,,1,26
2025-06-13 14:51:00+00:00,QBTS,QUBT,,1970-01-01,0.20298877358436584,0.04455646283803935,,,,1,27
2025-06-13 14:52:00+00:00,RGTI,IONQ,,1970-01-01,1.6727898120880127,0.037639283140750934,,,,1,25
2025-06-13 14:53:00+00:00,QBTS,QUBT,,1970-01-01,0.20279273390769958,-0.016387191745909253,,,,0,23
2025-06-13 14:54:00+00:00,RGTI,QUBT,,1970-01-01,0.19988760352134705,0.06267361984058725,,,,1,30
2025-06-13 14:55:00+00:00,IONQ,QUBT,,1970-01-01,0.15748322010040283,-0.06117105357856996,,,,0,28
2025-06-13 14:56:00+00:00,RGTI,QUBT,,1970-01-01,0.7495587468147278,0.08560979796918791,-0.30841297396545025,-0.7079842477925782,-1.1697779767960172,1,28
2025-06-13 14:57:00+00:00,QUBT,QBTS,,1970-01-01,0.052854977548122406,0.04183477868670891,,,,1,25
2025-06-13 14:58:00+00:00,QBTS,RGTI,,1970-01-01,0.28545838594436646,-0.005087547728512037,,,,0,33
2025-06-13 14:59:00+00:00,RGTI,QUBT,,1970-01-01,2.2272560596466064,0.14189189317774523,,,,1,23
2025-06-13 15:00:00+00:00,IONQ,RGTI,,1970-01-01,0.10340283066034317,0.03337944932579633,,,,1,28
2025-06-13 15:01:00+00:00,QBTS,QUBT,,1970-01-01,0.3297455906867981,-0.006399157065613406,,,,0,21
2025-06-13 15:02:00+00:00,QBTS,RGTI,,1970-01-01,0.12869121134281158,-0.013282663992322054,,,,0,19
2025-06-13 15:03:00+00:00,QBTS,QUBT,,1970-01-01,0.2935304045677185,-0.098986769020136,,,,0,24
2025-06-13 15:04:00+00:00,IONQ,QUBT,,1970-01-01,0.4111366271972656,0.1009835522563536,,,,1,18
2025-06-13 15:05:00+00:00,IONQ,QUBT,,1970-01-01,0.0955304354429245,-0.06630795841799668,,,,0,26
2025-06-13 15:06:00+00:00,QBTS,QUBT,,1970-01-01,0.18537300825119019,-0.008514366554497332,,,,0,25
2025-06-13 15:07:00+00:00,IONQ,QBTS,,1970-01-01,0.11602955311536789,0.01186271947682407,,,,1,28
2025-06-13 15:08:00+00:00,QBTS,QUBT,,1970-01-01,0.09732875227928162,-0.009100231525443366,,,,0,25
2025-06-13 15:09:00+00:00,QBTS,QUBT,,1970-01-01,0.24484491348266602,0.020269683195076514,,,,1,33
2025-06-13 15:10:00+00:00,QBTS,QUBT,,1970-01-01,0.33484572172164917,-0.011468916116031087,,,,0,22
2025-06-13 15:11:00+00:00,QBTS,QUBT,,1970-01-01,0.06882192194461823,0.0080283690512235,,,,1,25
2025-06-13 15:12:00+00:00,QBTS,QUBT,,1970-01-01,0.10698030143976212,-0.05794032777498415,,,,0,30
2025-06-13 15:13:00+00:00,QBTS,QUBT,,1970-01-01,0.13664081692695618,0.3762347122151127,,,,1,23
2025-06-13 15:14:00+00:00,QBTS,QUBT,,1970-01-01,0.10478294640779495,-0.005210464406160699,,,,0,32
2025-06-13 15:15:00+00:00,QBTS,QUBT,,1970-01-01,0.18044327199459076,-0.08365672761023997,,,,0,29
2025-06-13 15:16:00+00:00,QBTS,RGTI,,1970-01-01,0.25322508811950684,0.023279706048918103,,,,1,26
2025-06-13 15:17:00+00:00,QBTS,QUBT,,1970-01-01,0.1827215552330017,-0.02698738349696644,,,,0,24
2025-06-13 15:18:00+00:00,QBTS,QUBT,,1970-01-01,0.178786501288414,0.07097394482216977,,,,1,29
2025-06-13 15:19:00+00:00,QBTS,QUBT,,1970-01-01,0.1263498216867447,-0.07812570010556141,,,,0,24
2025-06-13 15:20:00+00:00,QBTS,IONQ,,1970-01-01,0.29496055841445923,0.007190750049431515,,,,1,19
2025-06-13 15:21:00+00:00,QBTS,QUBT,,1970-01-01,0.4656248688697815,-0.024249959829315014,,,,0,27
2025-06-13 15:22:00+00:00,QBTS,IONQ,,1970-01-01,0.16745531558990479,0.028062285209669736,,,,1,24
2025-06-13 15:23:00+00:00,QUBT,RGTI,,1970-01-01,0.17337016761302948,0.2439291125216843,0.0,,,1,23
2025-06-13 15:24:00+00:00,RGTI,QUBT,,1970-01-01,1.9623627662658691,-0.010145499591899558,,,,0,21
2025-06-13 15:25:00+00:00,QBTS,QUBT,,1970-01-01,0.3051239252090454,0.041934098397298794,,,,1,25
2025-06-13 15:26:00+00:00,QBTS,QUBT,,1970-01-01,0.17717903852462769,-0.033996636573028635,,,,0,21
2025-06-13 15:27:00+00:00,QBTS,QUBT,,1970-01-01,0.3440954089164734,0.022963637605283034,,,,1,17
2025-06-13 15:28:00+00:00,QBTS,IONQ,,1970-01-01,0.2847393751144409,0.0766524447267665,,,,1,18
2025-06-13 15:29:00+00:00,QBTS,QUBT,,1970-01-01,0.22146281599998474,-0.06553091399022992,,,,0,23
2025-06-13 15:30:00+00:00,QBTS,QUBT,,1970-01-01,0.25953763723373413,0.06379531701094748,,,,1,20
2025-06-13 15:31:00+00:00,IONQ,QBTS,,1970-01-01,0.19188566505908966,0.02413550578693925,,,,1,26
2025-06-13 15:32:00+00:00,IONQ,QUBT,,1970-01-01,0.24597516655921936,-0.018984718437295264,-0.07142674230916139,,,0,20
2025-06-13 15:33:00+00:00,QBTS,QUBT,,1970-01-01,0.27610069513320923,0.00513720928227989,,,,1,17
2025-06-13 15:34:00+00:00,QBTS,QUBT,,1970-01-01,0.5149164199829102,0.041434980792855056,,,,1,23
2025-06-13 15:35:00+00:00,QBTS,QUBT,,1970-01-01,0.14908388257026672,-0.01133736931420698,,,,0,20
2025-06-13 15:36:00+00:00,QBTS,RGTI,,1970-01-01,0.6527296900749207,-0.015691890442991463,,,,0,17
2025-06-13 15:37:00+00:00,QBTS,QUBT,,1970-01-01,0.10956761240959167,-0.07584864062813938,,,,0,21
2025-06-13 15:38:00+00:00,RGTI,QUBT,,1970-01-01,0.17034845054149628,0.08447036395359175,,,,1,21
2025-06-13 15:39:00+00:00,QUBT,QBTS,,1970-01-01,2.5278172492980957,-0.011317253405315801,,,,0,16
2025-06-13 15:40:00+00:00,QBTS,QUBT,,1970-01-01,0.43919506669044495,-0.01173859645912231,,,,0,19
2025-06-13 15:41:00+00:00,QBTS,RGTI,,1970-01-01,0.13508139550685883,-0.08156497407295975,,,,0,20
2025-06-13 15:42:00+00:00,IONQ,QBTS,,1970-01-01,0.8524014949798584,-0.03387029712038687,,,,0,19
2025-06-13 15:43:00+00:00,QBTS,IONQ,,1970-01-01,0.11402055621147156,-0.012790063418699447,,,,0,24
2025-06-13 15:44:00+00:00,QBTS,QUBT,,1970-01-01,0.2269897758960724,0.001074620152701919,,,,1,18
2025-06-13 15:45:00+00:00,QBTS,QUBT,,1970-01-01,0.49529123306274414,0.002743145971561935,,,,1,23
2025-06-13 15:46:00+00:00,QBTS,RGTI,,1970-01-01,0.3705372214317322,-0.01952847982436176,,,,0,21
2025-06-13 15:47:00+00:00,QBTS,QUBT,,1970-01-01,0.32311195135116577,0.03869004087412788,,,,1,17
2025-06-13 15:48:00+00:00,QBTS,IONQ,,1970-01-01,0.24544313549995422,0.03236399260836305,,,,1,18
2025-06-13 15:49:00+00:00,QBTS,QUBT,,1970-01-01,0.2106117308139801,0.020402400255448493,,,,1,23
2025-06-13 15:50:00+00:00,QBTS,RGTI,,1970-01-01,0.17877089977264404,-0.002756211198590406,,,,0,21
2025-06-13 15:51:00+00:00,QBTS,IONQ,,1970-01-01,0.12747356295585632,0.022231512394181592,,,,1,21
2025-06-13 15:52:00+00:00,QBTS,QUBT,,1970-01-01,0.3909439146518707,0.038234676289937854,,,,1,21
2025-06-13 15:53:00+00:00,QBTS,QUBT,,1970-01-01,0.21119996905326843,-0.11269242485134824,,,,0,24
2025-06-13 15:54:00+00:00,QBTS,QUBT,,1970-01-01,0.19538888335227966,0.01738613271602014,,,,1,21
2025-06-13 15:55:00+00:00,QBTS,QUBT,,1970-01-01,0.34530603885650635,-0.004306491657427178,,,,0,26
2025-06-13 15:56:00+00:00,QBTS,IONQ,,1970-01-01,0.3903278112411499,-0.01985715356741295,,,,0,16
2025-06-13 15:57:00+00:00,IONQ,QUBT,,1970-01-01,0.2510184943675995,0.004978669945211196,,,,1,23
2025-06-13 15:58:00+00:00,RGTI,QUBT,,1970-01-01,2.052138566970825,0.045705828664957156,0.20047362748251696,,,1,21
2025-06-13 15:59:00+00:00,IONQ,QUBT,,1970-01-01,1.41938316822052,0.0027730886118300484,,,,1,17
2025-06-13 16:00:00+00:00,IONQ,QUBT,,1970-01-01,0.5502148270606995,-0.009710004571494258,,,,0,28
2025-06-13 16:01:00+00:00,QBTS,QUBT,,1970-01-01,0.25683215260505676,0.0670154921238836,,,,1,25
2025-06-13 16:02:00+00:00,QUBT,QBTS,,1970-01-01,2.9827754497528076,-2.7703717076974166,,,,0,25
2025-06-13 16:03:00+00:00,QBTS,QUBT,,1970-01-01,0.16197314858436584,-2.80234979545807,,,,0,22
2025-06-13 16:04:00+00:00,QBTS,QUBT,,1970-01-01,0.47368210554122925,-0.012045066075175762,,,,0,26
2025-06-13 16:05:00+00:00,QBTS,RGTI,,1970-01-01,0.2327529788017273,-0.004216607110957041,,,,0,20
2025-06-13 16:06:00+00:00,QBTS,QUBT,,1970-01-01,0.1659388542175293,-0.013553744831620243,,,,0,22
2025-06-13 16:07:00+00:00,QUBT,IONQ,,1970-01-01,0.04229024797677994,-0.044159573007193184,,,,0,20
2025-06-13 16:08:00+00:00,QBTS,IONQ,,1970-01-01,0.12407451868057251,-0.007388213266555957,,,,0,22
2025-06-13 16:09:00+00:00,QBTS,QUBT,,1970-01-01,0.17323127388954163,0.023811318239339668,,,,1,21
2025-06-13 16:10:00+00:00,RGTI,QUBT,,1970-01-01,0.16502384841442108,-0.007268688017376934,,,,0,17
2025-06-13 16:11:00+00:00,IONQ,QUBT,,1970-01-01,0.15617945790290833,0.06447861379618539,,,,1,22
2025-06-13 16:12:00+00:00,QBTS,QUBT,,1970-01-01,0.9617228507995605,-0.14072250233959688,,,,0,21
2025-06-13 16:13:00+00:00,QBTS,QUBT,,1970-01-01,0.2919961214065552,0.034845384835916676,,,,1,23
2025-06-13 16:14:00+00:00,QBTS,QUBT,,1970-01-01,0.2023104429244995,0.028492221796857974,,,,1,24
2025-06-13 16:15:00+00:00,QBTS,QUBT,,1970-01-01,0.36495429277420044,-0.07711844570747231,,,,0,24
2025-06-13 16:16:00+00:00,QBTS,QUBT,,1970-01-01,0.22404445707798004,-0.021998680657798846,,,,0,22
2025-06-13 16:17:00+00:00,QBTS,QUBT,,1970-01-01,0.27830570936203003,0.06450285322198832,,,,1,25
2025-06-13 16:18:00+00:00,QBTS,QUBT,,1970-01-01,0.282468318939209,-0.03447903399902933,,,,0,21
2025-06-13 16:19:00+00:00,QBTS,QUBT,,1970-01-01,0.20424595475196838,-0.0061991307631215535,,,,0,25
2025-06-13 16:20:00+00:00,QBTS,QUBT,,1970-01-01,0.34078627824783325,0.006163120884844043,,,,1,23
2025-06-13 16:21:00+00:00,QBTS,QUBT,,1970-01-01,0.2864108085632324,-0.012621530000392397,,,,0,24
2025-06-13 16:22:00+00:00,QBTS,QUBT,,1970-01-01,0.18082661926746368,-0.015961129875895774,,,,0,25
2025-06-13 16:23:00+00:00,QBTS,QUBT,,1970-01-01,0.48821181058883667,-0.004870694138818579,,,,0,26
2025-06-13 16:24:00+00:00,QUBT,RGTI,,1970-01-01,2.260097026824951,-0.045990970700538834,,,,0,23
2025-06-13 16:25:00+00:00,QBTS,QUBT,,1970-01-01,0.3121139705181122,-0.009907474280038625,,,,0,27
2025-06-13 16:26:00+00:00,QBTS,QUBT,,1970-01-01,0.24052320420742035,0.03079290079808622,,,,1,24
2025-06-13 16:27:00+00:00,QBTS,QUBT,,1970-01-01,0.22882595658302307,-0.028329978409285632,,,,0,19
2025-06-13 16:28:00+00:00,QBTS,QUBT,,1970-01-01,0.15615257620811462,0.031924302133629,,,,1,26
2025-06-13 16:29:00+00:00,QBTS,QUBT,,1970-01-01,0.12702716886997223,-0.0003072414220097082,,,,0,21
2025-06-13 16:30:00+00:00,QBTS,QUBT,,1970-01-01,0.11808837950229645,0.10560565901337278,,,,1,17
2025-06-13 16:31:00+00:00,QBTS,QUBT,,1970-01-01,0.2571849226951599,-0.03495905867987979,,,,0,17
2025-06-13 16:32:00+00:00,QBTS,QUBT,,1970-01-01,0.3557252287864685,-0.03700298263566774,,,,0,19
2025-06-13 16:33:00+00:00,QBTS,QUBT,,1970-01-01,0.14396388828754425,-2.2848766306600432e-05,,,,0,19
2025-06-13 16:34:00+00:00,QBTS,QUBT,,1970-01-01,0.10965342819690704,0.028375720778645197,,,,1,13
2025-06-13 16:35:00+00:00,QBTS,QUBT,,1970-01-01,0.0896783173084259,0.021376924134753058,,,,1,20
2025-06-13 16:36:00+00:00,QBTS,QUBT,,1970-01-01,0.1595558077096939,0.08361501814591661,,,,1,18
2025-06-13 16:37:00+00:00,IONQ,QUBT,,1970-01-01,0.09131017327308655,-0.01149920513302894,,,,0,19
2025-06-13 16:38:00+00:00,QBTS,QUBT,,1970-01-01,0.26951128244400024,0.06088034374319094,,,,1,23
2025-06-13 16:39:00+00:00,QBTS,QUBT,,1970-01-01,0.11906496435403824,-0.08611946018327428,,,,0,18
2025-06-13 16:40:00+00:00,RGTI,QUBT,,1970-01-01,0.11734484136104584,0.03781837966551329,,,,1,17
2025-06-13 16:41:00+00:00,QBTS,QUBT,,1970-01-01,0.2156009078025818,-0.042348503145336586,,,,0,22
2025-06-13 16:42:00+00:00,QBTS,QUBT,,1970-01-01,1.0565516948699951,0.2575368788706988,,,,1,11
2025-06-13 16:43:00+00:00,QBTS,QUBT,,1970-01-01,0.6812198162078857,0.06921830766989347,,,,1,19
2025-06-13 16:44:00+00:00,QBTS,QUBT,,1970-01-01,0.162634015083313,-0.016841827889953382,,,,0,26
2025-06-13 16:45:00+00:00,QBTS,QUBT,,1970-01-01,0.2758116126060486,-0.025411441484349512,,,,0,24
2025-06-13 16:46:00+00:00,QBTS,QUBT,,1970-01-01,0.08408308029174805,0.07886982321586633,,,,1,22
2025-06-13 16:47:00+00:00,QBTS,QUBT,,1970-01-01,0.12039792537689209,-0.06716506630413657,,,,0,23
2025-06-13 16:48:00+00:00,QBTS,QUBT,,1970-01-01,0.2839133143424988,0.03650047778476331,,,,1,24
2025-06-13 16:49:00+00:00,QBTS,QUBT,,1970-01-01,0.35235294699668884,-0.14995671751993345,,,,0,17
2025-06-13 16:50:00+00:00,QBTS,RGTI,,1970-01-01,0.09343230724334717,0.055800190331491945,,,,1,22
2025-06-13 16:51:00+00:00,QBTS,IONQ,,1970-01-01,0.13592542707920074,-0.013710209138677269,,,,0,21
2025-06-13 16:52:00+00:00,QBTS,RGTI,,1970-01-01,0.21898239850997925,0.01852287600104056,,,,1,16
2025-06-13 16:53:00+00:00,QBTS,RGTI,,1970-01-01,0.09543298929929733,0.011649294779749504,,,,1,18
2025-06-13 16:54:00+00:00,QBTS,RGTI,,1970-01-01,0.09108328074216843,0.014768206869179455,,,,1,17
2025-06-13 16:55:00+00:00,QBTS,QUBT,,1970-01-01,0.4320337772369385,0.01418702400005459,,,,1,21
2025-06-13 16:56:00+00:00,QBTS,IONQ,,1970-01-01,0.4299742579460144,-0.0888401889683435,,,,0,13
2025-06-13 16:57:00+00:00,RGTI,QUBT,,1970-01-01,0.49079617857933044,-0.01683046195759397,,,,0,22
2025-06-13 16:58:00+00:00,RGTI,QUBT,,1970-01-01,0.9992968440055847,0.0019894991224493307,,,,1,24
2025-06-13 16:59:00+00:00,IONQ,QUBT,,1970-01-01,0.27578386664390564,-0.02945403084748121,,,,0,19
2025-06-13 17:00:00+00:00,RGTI,QUBT,,1970-01-01,0.19736404716968536,0.03643735397926058,,,,1,20
2025-06-13 17:01:00+00:00,QBTS,QUBT,,1970-01-01,0.6218574047088623,-0.0031817617622885482,,,,0,30
2025-06-13 17:02:00+00:00,QBTS,RGTI,,1970-01-01,0.1915552020072937,-0.005827868922170922,,,,0,23
2025-06-13 17:03:00+00:00,QBTS,QUBT,,1970-01-01,0.5025486350059509,-0.002634037603428674,,,,0,12
2025-06-13 17:04:00+00:00,RGTI,QUBT,,1970-01-01,0.11518758535385132,-0.024877398476454766,,,,0,25
2025-06-13 17:05:00+00:00,QBTS,QUBT,,1970-01-01,0.10969492048025131,0.0461679959902813,,,,1,22
2025-06-13 17:06:00+00:00,IONQ,QUBT,,1970-01-01,0.2190704047679901,-0.045552688955582836,,,,0,18
2025-06-13 17:07:00+00:00,QBTS,QUBT,,1970-01-01,0.15893936157226562,0.017502538978886602,,,,1,28
2025-06-13 17:08:00+00:00,RGTI,QUBT,,1970-01-01,0.13680632412433624,0.055112592469864594,,,,1,25
2025-06-13 17:09:00+00:00,RGTI,QUBT,,1970-01-01,0.38826069235801697,-0.061219574736043114,,,,0,25
2025-06-13 17:10:00+00:00,QBTS,QUBT,,1970-01-01,0.3393983244895935,0.07234158362626442,,,,1,32
2025-06-13 17:11:00+00:00,QBTS,QUBT,,1970-01-01,0.14319594204425812,-0.05077623344663794,,,,0,28
2025-06-13 17:12:00+00:00,QBTS,QUBT,,1970-01-01,0.10852013528347015,-0.03435955612851151,,,,0,21
2025-06-13 17:13:00+00:00,IONQ,QUBT,,1970-01-01,0.16992898285388947,-0.025252935004738963,,,,0,21
2025-06-13 17:14:00+00:00,QBTS,QUBT,,1970-01-01,0.14663740992546082,0.005504211178338436,,,,1,22
2025-06-13 17:15:00+00:00,QBTS,QUBT,,1970-01-01,0.24283239245414734,0.05472049556208597,,,,1,22
2025-06-13 17:16:00+00:00,QBTS,QUBT,,1970-01-01,0.36542177200317383,-0.03959072589440453,,,,0,27
2025-06-13 17:17:00+00:00,IONQ,QUBT,,1970-01-01,0.635044515132904,0.061261128504345834,,,,1,23
2025-06-13 17:18:00+00:00,QBTS,RGTI,,1970-01-01,0.17355775833129883,0.009239516930807296,,,,1,20
2025-06-13 17:19:00+00:00,QBTS,QUBT,,1970-01-01,0.21462681889533997,4.705611270923401,,,,1,14
2025-06-13 17:20:00+00:00,QUBT,RGTI,,1970-01-01,2.87450909614563,3.4801153571314067,,,,1,18
2025-06-13 17:21:00+00:00,QBTS,QUBT,,1970-01-01,0.23880551755428314,0.43006516214107576,,,,1,19
2025-06-13 17:22:00+00:00,QBTS,RGTI,,1970-01-01,0.1473696529865265,0.008700305312018194,,,,1,24
2025-06-13 17:23:00+00:00,QBTS,QUBT,,1970-01-01,0.5429649353027344,-0.030170353565354524,,,,0,20
2025-06-13 17:24:00+00:00,QUBT,QBTS,,1970-01-01,0.17249558866024017,0.010335455523127923,,,,1,16
2025-06-13 17:25:00+00:00,QBTS,QUBT,,1970-01-01,0.16695158183574677,0.13293269228952437,,,,1,14
2025-06-13 17:26:00+00:00,QBTS,QUBT,,1970-01-01,0.12352965772151947,0.11760896983398901,,,,1,18
2025-06-13 17:27:00+00:00,IONQ,QUBT,,1970-01-01,0.401473730802536,-0.03705370838223696,,,,0,19
2025-06-13 17:28:00+00:00,QBTS,QUBT,,1970-01-01,0.1754002720117569,-0.009665636147541231,,,,0,24
2025-06-13 17:29:00+00:00,QBTS,QUBT,,1970-01-01,0.34268301725387573,0.026674711528559613,,,,1,19
2025-06-13 17:30:00+00:00,QBTS,QUBT,,1970-01-01,0.31848233938217163,0.040280043026472145,,,,1,15
2025-06-13 17:31:00+00:00,QBTS,QUBT,,1970-01-01,0.2664153277873993,-0.010052740899219537,,,,0,23
2025-06-13 17:32:00+00:00,QBTS,QUBT,,1970-01-01,0.46220338344573975,0.03696639829483011,,,,1,15
2025-06-13 17:33:00+00:00,QBTS,QUBT,,1970-01-01,0.3658238351345062,-0.04005656380001532,,,,0,21
2025-06-13 17:34:00+00:00,QBTS,QUBT,,1970-01-01,0.5107536315917969,0.02959257779928568,,,,1,17
2025-06-13 17:35:00+00:00,QBTS,QUBT,,1970-01-01,0.1566987931728363,0.025004145614121034,,,,1,15
2025-06-13 17:36:00+00:00,QUBT,RGTI,,1970-01-01,0.041245460510253906,0.03793025298194079,,,,1,15
2025-06-13 17:37:00+00:00,QBTS,QUBT,,1970-01-01,0.3688342273235321,0.0426822814894296,,,,1,19
2025-06-13 17:38:00+00:00,IONQ,QUBT,,1970-01-01,0.1151856929063797,-0.12520090924919414,,,,0,14
2025-06-13 17:39:00+00:00,QBTS,QUBT,,1970-01-01,0.7007758617401123,0.09781850879035116,,,,1,19
2025-06-13 17:40:00+00:00,IONQ,QUBT,,1970-01-01,0.1271221935749054,-0.08433254869017773,,,,0,25
2025-06-13 17:41:00+00:00,IONQ,QUBT,,1970-01-01,0.18319876492023468,0.03810031411103197,,,,1,17
2025-06-13 17:42:00+00:00,QBTS,QUBT,,1970-01-01,0.16144031286239624,0.02953278630884029,,,,1,15
2025-06-13 17:43:00+00:00,QBTS,QUBT,,1970-01-01,0.25534796714782715,0.03170727794104106,,,,1,18
2025-06-13 17:44:00+00:00,QBTS,QUBT,,1970-01-01,0.26808568835258484,-0.03815934041502713,,,,0,24
2025-06-13 17:45:00+00:00,QBTS,QUBT,,1970-01-01,0.4858742952346802,0.24982819221440516,,,,1,18
2025-06-13 17:46:00+00:00,QBTS,QUBT,,1970-01-01,0.17652101814746857,-0.05088208692825098,,,,0,32
2025-06-13 17:47:00+00:00,QBTS,QUBT,,1970-01-01,0.19038444757461548,-0.04495634460263154,,,,0,22
2025-06-13 17:48:00+00:00,QBTS,QUBT,,1970-01-01,0.13059410452842712,0.014877295711247494,,,,1,26
2025-06-13 17:49:00+00:00,QBTS,QUBT,,1970-01-01,0.2369455099105835,0.14369022195177755,,,,1,19
2025-06-13 17:50:00+00:00,QBTS,RGTI,,1970-01-01,0.11862759292125702,0.041525016168258905,,,,1,21
2025-06-13 17:51:00+00:00,QBTS,QUBT,,1970-01-01,0.2529730796813965,-0.06361642420930706,,,,0,17
2025-06-13 17:52:00+00:00,QBTS,QUBT,,1970-01-01,0.18514078855514526,-0.031070583416681393,,,,0,16
2025-06-13 17:53:00+00:00,QBTS,IONQ,,1970-01-01,0.49904048442840576,0.04882954628453348,,,,1,16
2025-06-13 17:54:00+00:00,IONQ,QUBT,,1970-01-01,0.08064346760511398,-0.023794449079061364,,,,0,21
2025-06-13 17:55:00+00:00,IONQ,QBTS,,1970-01-01,0.5079880356788635,-0.012762370090106901,,,,0,14
2025-06-13 17:56:00+00:00,QBTS,IONQ,,1970-01-01,0.1988542079925537,0.012942457251869311,,,,1,13
2025-06-13 17:57:00+00:00,RGTI,IONQ,,1970-01-01,0.1502484679222107,0.027660712444108233,,,,1,17
2025-06-13 17:58:00+00:00,QBTS,IONQ,,1970-01-01,0.23317952454090118,-0.019416425500573715,,,,0,15
2025-06-13 17:59:00+00:00,QBTS,QUBT,,1970-01-01,0.4954599440097809,-0.080733534863061,,,,0,22
2025-06-13 18:00:00+00:00,IONQ,QUBT,,1970-01-01,0.10410167276859283,0.00017189202533864642,,,,1,25
2025-06-13 18:01:00+00:00,QBTS,QUBT,,1970-01-01,0.3388044238090515,-0.03686019437234477,,,,0,25
2025-06-13 18:02:00+00:00,QBTS,QUBT,,1970-01-01,2.9619534015655518,0.023251981288152868,,,,1,20
2025-06-13 18:03:00+00:00,QBTS,QUBT,,1970-01-01,0.6032100915908813,-0.02026134569293498,,,,0,22
2025-06-13 18:04:00+00:00,IONQ,QUBT,,1970-01-01,0.1593838483095169,0.05124001068169448,,,,1,19
2025-06-13 18:05:00+00:00,QBTS,QUBT,,1970-01-01,0.28952986001968384,0.04298765619895305,,,,1,13
2025-06-13 18:06:00+00:00,RGTI,IONQ,,1970-01-01,0.13808229565620422,-0.003520183230173444,,,,0,15
2025-06-13 18:07:00+00:00,QBTS,QUBT,,1970-01-01,0.4510967433452606,0.006076509985754541,,,,1,13
2025-06-13 18:08:00+00:00,QBTS,QUBT,,1970-01-01,0.7094712257385254,0.19215589501162192,,,,1,16
2025-06-13 18:09:00+00:00,QBTS,QUBT,,1970-01-01,0.257269948720932,-0.03210034130415657,,,,0,17
2025-06-13 18:10:00+00:00,RGTI,QUBT,,1970-01-01,0.36975881457328796,-0.07071054047435049,,,,0,17
2025-06-13 18:11:00+00:00,QBTS,QUBT,,1970-01-01,0.2594332695007324,0.0601482642281772,,,,1,14
2025-06-13 18:12:00+00:00,QBTS,QUBT,,1970-01-01,0.3335418403148651,0.045128052323010356,,,,1,16
2025-06-13 18:13:00+00:00,RGTI,QUBT,,1970-01-01,0.1092190220952034,0.09069753029420921,,,,1,23
2025-06-13 18:14:00+00:00,RGTI,QUBT,,1970-01-01,1.5834736824035645,-0.09834053308010113,,,,0,24
2025-06-13 18:15:00+00:00,QBTS,IONQ,,1970-01-01,0.2595803141593933,-0.016024132155876204,,,,0,35
2025-06-13 18:16:00+00:00,QBTS,QUBT,,1970-01-01,0.22194315493106842,-0.019697091882587912,,,,0,29
2025-06-13 18:17:00+00:00,QBTS,QUBT,,1970-01-01,0.11130611598491669,0.059868247016297574,,,,1,23
2025-06-13 18:18:00+00:00,QBTS,QUBT,,1970-01-01,0.16973701119422913,-0.03442560052606828,,,,0,30
2025-06-13 18:19:00+00:00,QBTS,QUBT,,1970-01-01,0.512012779712677,0.06913746558187822,,,,1,18
2025-06-13 18:20:00+00:00,RGTI,QUBT,,1970-01-01,0.023356666788458824,0.009864989507020853,,,,1,19
2025-06-13 18:21:00+00:00,RGTI,QUBT,,1970-01-01,0.12247703969478607,0.05999244275602975,,,,1,25
2025-06-13 18:22:00+00:00,QBTS,RGTI,,1970-01-01,0.16203409433364868,-0.0065496656750119895,,,,0,19
2025-06-13 18:23:00+00:00,QBTS,QUBT,,1970-01-01,0.2013871818780899,-0.003934782830747522,,,,0,29
2025-06-13 18:24:00+00:00,QBTS,QUBT,,1970-01-01,0.1387937366962433,0.0478314184726398,,,,1,22
2025-06-13 18:25:00+00:00,QBTS,QUBT,,1970-01-01,0.263849675655365,-0.027983021026860722,,,,0,30
2025-06-13 18:26:00+00:00,QBTS,QUBT,,1970-01-01,0.21248789131641388,-0.0038559507554488375,,,,0,35
2025-06-13 18:27:00+00:00,RGTI,QUBT,,1970-01-01,0.18278442323207855,-0.014957261437473451,,,,0,32
2025-06-13 18:28:00+00:00,QBTS,QUBT,,1970-01-01,0.23090460896492004,-0.04029111287081648,,,,0,21
2025-06-13 18:29:00+00:00,QUBT,IONQ,,1970-01-01,2.749483346939087,-0.014192789240755444,,,,0,25
2025-06-13 18:30:00+00:00,QBTS,QUBT,,1970-01-01,0.2936438322067261,-0.02812836302795776,,,,0,27
2025-06-13 18:31:00+00:00,QBTS,QUBT,,1970-01-01,0.2010263204574585,0.05652917969405141,,,,1,26
2025-06-13 18:32:00+00:00,RGTI,QBTS,,1970-01-01,0.27180880308151245,-0.0037410654722715778,,,,0,32
2025-06-13 18:33:00+00:00,QBTS,QUBT,,1970-01-01,0.18633155524730682,-0.007589679629292132,,,,0,32
2025-06-13 18:34:00+00:00,QBTS,QUBT,,1970-01-01,0.19882459938526154,0.020218314958148492,,,,1,25
2025-06-13 18:35:00+00:00,QBTS,QUBT,,1970-01-01,0.18304020166397095,-0.030043386399044626,,,,0,24
2025-06-13 18:36:00+00:00,RGTI,QUBT,,1970-01-01,0.25377005338668823,0.019424101299574337,,,,1,22
2025-06-13 18:37:00+00:00,QBTS,QUBT,,1970-01-01,0.49997618794441223,0.011014614684718753,,,,1,20
2025-06-13 18:38:00+00:00,QBTS,QUBT,,1970-01-01,0.13280369341373444,0.047969549988679694,,,,1,29
2025-06-13 18:39:00+00:00,QBTS,QUBT,,1970-01-01,0.1893070638179779,-0.05423164031023029,,,,0,29
2025-06-13 18:40:00+00:00,QBTS,QUBT,,1970-01-01,0.1457546055316925,-0.04903275818842184,,,,0,28
2025-06-13 18:41:00+00:00,RGTI,QBTS,,1970-01-01,0.09705788642168045,-0.005303750704074572,,,,0,21
2025-06-13 18:42:00+00:00,QBTS,IONQ,,1970-01-01,0.21623647212982178,-0.051647539412225524,,,,0,19
2025-06-13 18:43:00+00:00,IONQ,QBTS,,1970-01-01,0.2877470850944519,-0.04567736915015899,,,,0,21
2025-06-13 18:44:00+00:00,QBTS,QUBT,,1970-01-01,0.12234479933977127,-0.08500125257003446,,,,0,17
2025-06-13 18:45:00+00:00,QBTS,QUBT,,1970-01-01,0.3053188621997833,0.03003366895978967,,,,1,25
2025-06-13 18:46:00+00:00,QBTS,QUBT,,1970-01-01,0.1813346892595291,-0.026910273417527854,,,,0,19
2025-06-13 18:47:00+00:00,QBTS,IONQ,,1970-01-01,0.35161614418029785,-0.03895703822132763,,,,0,24
2025-06-13 18:48:00+00:00,QBTS,RGTI,,1970-01-01,0.4252631962299347,0.02197719339259564,,,,1,20
2025-06-13 18:49:00+00:00,IONQ,QUBT,,1970-01-01,0.1562173217535019,-0.014023981194035529,,,,0,21
2025-06-13 18:50:00+00:00,QBTS,RGTI,,1970-01-01,0.18022000789642334,0.015132607020957397,,,,1,24
2025-06-13 18:51:00+00:00,QBTS,QUBT,,1970-01-01,0.2206987887620926,0.01881589039949949,,,,1,26
2025-06-13 18:52:00+00:00,QBTS,QUBT,,1970-01-01,0.3378095328807831,0.017856920297448342,,,,1,19
2025-06-13 18:53:00+00:00,QBTS,QUBT,,1970-01-01,0.1553889960050583,-0.06328966063826597,,,,0,23
2025-06-13 18:54:00+00:00,QBTS,RGTI,,1970-01-01,0.10712668299674988,0.03715905143389128,,,,1,26
2025-06-13 18:55:00+00:00,QBTS,QUBT,,1970-01-01,0.4449899196624756,0.07357984850280554,,,,1,22
2025-06-13 18:56:00+00:00,QBTS,QUBT,,1970-01-01,0.23237770795822144,-0.035511155596107846,,,,0,19
2025-06-13 18:57:00+00:00,QBTS,QUBT,,1970-01-01,0.33581972122192383,-0.015325160261264644,,,,0,24
2025-06-13 18:58:00+00:00,IONQ,QUBT,,1970-01-01,1.4865671396255493,-0.17709254670095145,,,,0,15
2025-06-13 18:59:00+00:00,QBTS,QUBT,,1970-01-01,0.6370318531990051,0.043106572581577685,,,,1,21
2025-06-13 19:00:00+00:00,IONQ,QBTS,,1970-01-01,0.3633267283439636,0.025935013343688373,,,,1,25
2025-06-13 19:01:00+00:00,QBTS,QUBT,,1970-01-01,0.35702377557754517,0.03249170144454376,,,,1,21
2025-06-13 19:02:00+00:00,QUBT,IONQ,,1970-01-01,3.4990615844726562,-0.015795128947928137,,,,0,20
2025-06-13 19:03:00+00:00,QBTS,QUBT,,1970-01-01,0.6374561190605164,-0.01849952363118485,,,,0,23
2025-06-13 19:04:00+00:00,QBTS,QUBT,,1970-01-01,0.2106759250164032,-0.02768225193504572,,,,0,21
2025-06-13 19:05:00+00:00,IONQ,QUBT,,1970-01-01,0.21154345571994781,0.038440900479967684,,,,1,24
2025-06-13 19:06:00+00:00,QBTS,QUBT,,1970-01-01,0.17514008283615112,-0.011202707595282779,,,,0,28
2025-06-13 19:07:00+00:00,QBTS,QUBT,,1970-01-01,0.25918757915496826,-0.03210716522984302,,,,0,23
2025-06-13 19:08:00+00:00,RGTI,QUBT,,1970-01-01,0.09830651432275772,0.01739465776214182,,,,1,23
2025-06-13 19:09:00+00:00,QBTS,QUBT,,1970-01-01,0.31960031390190125,0.03664193888771009,,,,1,24
2025-06-13 19:10:00+00:00,QBTS,QUBT,,1970-01-01,0.39567700028419495,0.03430417118094007,,,,1,22
2025-06-13 19:11:00+00:00,RGTI,QUBT,,1970-01-01,0.22276632487773895,-0.004348936611185311,,,,0,26
2025-06-13 19:12:00+00:00,QBTS,QUBT,,1970-01-01,0.4113670587539673,-0.06784721484505808,,,,0,16
2025-06-13 19:13:00+00:00,QBTS,QUBT,,1970-01-01,0.12653622031211853,-0.046528169461392,,,,0,14
2025-06-13 19:14:00+00:00,QBTS,QUBT,,1970-01-01,0.24202029407024384,0.0673656284465193,,,,1,19
2025-06-13 19:15:00+00:00,QBTS,QUBT,,1970-01-01,0.3064424693584442,-0.03952036462800089,,,,0,18
2025-06-13 19:16:00+00:00,RGTI,QUBT,,1970-01-01,0.20370444655418396,0.24341463749226164,,,,1,16
2025-06-13 19:17:00+00:00,QBTS,QUBT,,1970-01-01,0.14237214624881744,-0.133382775816275,,,,0,18
2025-06-13 19:18:00+00:00,QBTS,IONQ,,1970-01-01,0.67452073097229,-0.026624727416320697,,,,0,21
2025-06-13 19:19:00+00:00,IONQ,QUBT,,1970-01-01,0.2274855524301529,-0.010569540903761006,,,,0,20
2025-06-13 19:20:00+00:00,QBTS,RGTI,,1970-01-01,0.02240864187479019,0.048103277822501476,,,,1,18
2025-06-13 19:21:00+00:00,RGTI,QUBT,,1970-01-01,0.12713761627674103,-0.0727624282573703,,,,0,21
2025-06-13 19:22:00+00:00,QBTS,QUBT,,1970-01-01,0.2119414210319519,0.05688817224780349,,,,1,27
2025-06-13 19:23:00+00:00,QBTS,QUBT,,1970-01-01,0.17276833951473236,-0.07413263616268341,,,,0,21
2025-06-13 19:24:00+00:00,QBTS,QUBT,,1970-01-01,0.24694815278053284,0.016139890642826872,,,,1,19
2025-06-13 19:25:00+00:00,QBTS,QUBT,,1970-01-01,0.21816611289978027,-0.018097150420706365,,,,0,25
2025-06-13 19:26:00+00:00,QBTS,QUBT,,1970-01-01,0.22304292023181915,0.024087966849850498,,,,1,19
2025-06-13 19:27:00+00:00,QBTS,QUBT,,1970-01-01,0.16019046306610107,0.03443761947456923,,,,1,21
2025-06-13 19:28:00+00:00,QBTS,QUBT,,1970-01-01,0.23759283125400543,-0.027832423025841435,,,,0,25
2025-06-13 19:29:00+00:00,QBTS,IONQ,,1970-01-01,0.08545302599668503,-0.011915022378584234,,,,0,23
2025-06-13 19:30:00+00:00,QBTS,QUBT,,1970-01-01,0.15407690405845642,-0.06962966138810374,,,,0,24
2025-06-13 19:31:00+00:00,RGTI,QUBT,,1970-01-01,0.5859813094139099,0.006462414863302623,,,,1,29
2025-06-13 19:32:00+00:00,QBTS,QUBT,,1970-01-01,0.2179630547761917,-0.04685507168338961,,,,0,23
2025-06-13 19:33:00+00:00,RGTI,QBTS,,1970-01-01,0.1424674689769745,-0.04119525007335622,,,,0,28
2025-06-13 19:34:00+00:00,QBTS,QUBT,,1970-01-01,0.44620993733406067,0.015300395294519525,,,,1,20
2025-06-13 19:35:00+00:00,IONQ,RGTI,,1970-01-01,0.46630632877349854,0.03633626055858957,,,,1,16
2025-06-13 19:36:00+00:00,QBTS,QUBT,,1970-01-01,0.21548181772232056,-0.016839942900413893,,,,0,24
2025-06-13 19:37:00+00:00,QBTS,RGTI,,1970-01-01,0.10530517250299454,0.021132361460037094,,,,1,25
2025-06-13 19:38:00+00:00,QBTS,RGTI,,1970-01-01,0.2593247592449188,-0.040492533420746935,,,,0,23
2025-06-13 19:39:00+00:00,QBTS,RGTI,,1970-01-01,0.3271259069442749,0.04719255155503679,,,,1,19
2025-06-13 19:40:00+00:00,QBTS,QUBT,,1970-01-01,0.22872984409332275,0.020052400177463403,,,,1,23
2025-06-13 19:41:00+00:00,QBTS,QUBT,,1970-01-01,0.26746904850006104,-0.003137483333880831,,,,0,21
2025-06-13 19:42:00+00:00,RGTI,QUBT,,1970-01-01,0.3578893542289734,0.008997602872646861,,,,1,22
2025-06-13 19:43:00+00:00,IONQ,QUBT,,1970-01-01,0.5971986055374146,0.009199962337591235,,,,1,23
2025-06-13 19:44:00+00:00,QBTS,QUBT,,1970-01-01,0.46764299273490906,0.027958613796500897,,,,1,20
2025-06-13 19:45:00+00:00,QBTS,QUBT,,1970-01-01,0.23319566249847412,0.05734554038711924,,,,1,20
2025-06-13 19:46:00+00:00,QBTS,QUBT,,1970-01-01,0.215573251247406,-0.01770513000417783,,,,0,21
2025-06-13 19:47:00+00:00,IONQ,QUBT,,1970-01-01,0.3664923906326294,-0.07279749622145561,,,,0,25
2025-06-13 19:48:00+00:00,RGTI,IONQ,,1970-01-01,0.1943090856075287,0.04015631422881114,,,,1,13
2025-06-13 19:49:00+00:00,QBTS,IONQ,,1970-01-01,0.4776802957057953,0.027651957656788267,,,,1,21
2025-06-13 19:50:00+00:00,RGTI,QBTS,,1970-01-01,0.23348325490951538,0.008492972761114865,,,,1,23
2025-06-13 19:51:00+00:00,QBTS,QUBT,,1970-01-01,0.21059243381023407,-0.024095713708623824,,,,0,33
2025-06-13 19:52:00+00:00,IONQ,QUBT,,1970-01-01,0.2713676989078522,0.018460041777998943,,,,1,27
2025-06-13 19:53:00+00:00,QBTS,QUBT,,1970-01-01,0.46216821670532227,0.021855584028098184,,,,1,28
2025-06-13 19:54:00+00:00,QBTS,QUBT,,1970-01-01,0.24646222591400146,-0.04615950557580538,,,,0,25
2025-06-13 19:55:00+00:00,QBTS,QUBT,,1970-01-01,0.27806782722473145,0.019658743797752374,,,,1,29
2025-06-13 19:56:00+00:00,QBTS,QUBT,,1970-01-01,0.5561180710792542,0.01813872900981217,,,,1,29
2025-06-13 19:57:00+00:00,QBTS,QUBT,,1970-01-01,0.5216219425201416,-0.0038664996079681,,,,0,33
2025-06-13 19:58:00+00:00,QBTS,QUBT,,1970-01-01,0.14298680424690247,0.0019974427747966247,,,,1,29
2025-06-13 19:59:00+00:00,QBTS,QUBT,,1970-01-01,0.148273766040802,0.03796265608438986,,,,1,31
